epoc (ms),timestamp (-0700),elapsed (s),x-axis (g),y-axis (g),z-axis (g)
1620103103196,2021-05-03T21.38.23.196,0.000,-0.156,0.919,-0.369
1620103103277,2021-05-03T21.38.23.277,0.081,-0.155,0.925,-0.374
1620103103357,2021-05-03T21.38.23.357,0.161,-0.157,0.921,-0.372
1620103103438,2021-05-03T21.38.23.438,0.242,-0.154,0.923,-0.374
1620103103519,2021-05-03T21.38.23.519,0.323,-0.159,0.925,-0.375
1620103103599,2021-05-03T21.38.23.599,0.403,-0.159,0.921,-0.373
1620103103680,2021-05-03T21.38.23.680,0.484,-0.161,0.923,-0.372
1620103103760,2021-05-03T21.38.23.760,0.564,-0.163,0.923,-0.369
1620103103841,2021-05-03T21.38.23.841,0.645,-0.162,0.923,-0.368
1620103103921,2021-05-03T21.38.23.921,0.725,-0.163,0.923,-0.370
1620103104002,2021-05-03T21.38.24.002,0.806,-0.161,0.923,-0.371
1620103104083,2021-05-03T21.38.24.083,0.887,-0.162,0.922,-0.372
1620103104163,2021-05-03T21.38.24.163,0.967,-0.156,0.926,-0.374
1620103104244,2021-05-03T21.38.24.244,1.048,-0.160,0.921,-0.373
1620103104324,2021-05-03T21.38.24.324,1.128,-0.159,0.923,-0.372
1620103104405,2021-05-03T21.38.24.405,1.209,-0.160,0.922,-0.374
1620103104485,2021-05-03T21.38.24.485,1.289,-0.161,0.919,-0.377
1620103104566,2021-05-03T21.38.24.566,1.370,-0.162,0.918,-0.380
1620103104645,2021-05-03T21.38.24.645,1.449,-0.165,0.917,-0.382
1620103104726,2021-05-03T21.38.24.726,1.530,-0.164,0.920,-0.381
1620103104806,2021-05-03T21.38.24.806,1.610,-0.163,0.918,-0.378
1620103104887,2021-05-03T21.38.24.887,1.691,-0.163,0.921,-0.377
1620103104967,2021-05-03T21.38.24.967,1.771,-0.165,0.920,-0.379
1620103105048,2021-05-03T21.38.25.048,1.852,-0.161,0.922,-0.380
1620103105128,2021-05-03T21.38.25.128,1.932,-0.163,0.918,-0.375
1620103105209,2021-05-03T21.38.25.209,2.013,-0.162,0.920,-0.375
1620103105290,2021-05-03T21.38.25.290,2.094,-0.165,0.919,-0.377
1620103105370,2021-05-03T21.38.25.370,2.174,-0.169,0.919,-0.379
1620103105451,2021-05-03T21.38.25.451,2.255,-0.166,0.919,-0.380
1620103105531,2021-05-03T21.38.25.531,2.335,-0.170,0.918,-0.380
1620103105612,2021-05-03T21.38.25.612,2.416,-0.166,0.919,-0.380
1620103105692,2021-05-03T21.38.25.692,2.496,-0.163,0.917,-0.382
1620103105773,2021-05-03T21.38.25.773,2.577,-0.167,0.918,-0.385
1620103105854,2021-05-03T21.38.25.854,2.658,-0.168,0.916,-0.382
1620103105934,2021-05-03T21.38.25.934,2.738,-0.168,0.917,-0.383
1620103106015,2021-05-03T21.38.26.015,2.819,-0.173,0.916,-0.383
1620103106095,2021-05-03T21.38.26.095,2.899,-0.168,0.917,-0.382
1620103106174,2021-05-03T21.38.26.174,2.978,-0.169,0.917,-0.381
1620103106255,2021-05-03T21.38.26.255,3.059,-0.167,0.917,-0.378
1620103106336,2021-05-03T21.38.26.336,3.140,-0.167,0.918,-0.381
1620103106416,2021-05-03T21.38.26.416,3.220,-0.172,0.918,-0.384
1620103106497,2021-05-03T21.38.26.497,3.301,-0.162,0.919,-0.381
1620103106577,2021-05-03T21.38.26.577,3.381,-0.160,0.919,-0.375
1620103106658,2021-05-03T21.38.26.658,3.462,-0.167,0.918,-0.377
1620103106738,2021-05-03T21.38.26.738,3.542,-0.162,0.922,-0.379
1620103106819,2021-05-03T21.38.26.819,3.623,-0.163,0.921,-0.374
1620103106899,2021-05-03T21.38.26.899,3.703,-0.166,0.919,-0.373
1620103106980,2021-05-03T21.38.26.980,3.784,-0.165,0.920,-0.375
1620103107061,2021-05-03T21.38.27.061,3.865,-0.169,0.921,-0.375
1620103107141,2021-05-03T21.38.27.141,3.945,-0.170,0.919,-0.375
1620103107222,2021-05-03T21.38.27.222,4.026,-0.154,0.909,-0.391
1620103107302,2021-05-03T21.38.27.302,4.106,-0.150,0.921,-0.405
1620103107383,2021-05-03T21.38.27.383,4.187,-0.181,0.928,-0.367
1620103107463,2021-05-03T21.38.27.463,4.267,-0.161,0.917,-0.355
1620103107544,2021-05-03T21.38.27.544,4.348,-0.168,0.917,-0.368
1620103107625,2021-05-03T21.38.27.625,4.429,-0.190,0.918,-0.385
1620103107705,2021-05-03T21.38.27.705,4.509,-0.201,0.920,-0.374
1620103107784,2021-05-03T21.38.27.784,4.588,-0.192,0.926,-0.357
1620103107865,2021-05-03T21.38.27.865,4.669,-0.191,0.923,-0.350
1620103107945,2021-05-03T21.38.27.945,4.749,-0.182,0.920,-0.355
1620103108026,2021-05-03T21.38.28.026,4.830,-0.187,0.923,-0.363
1620103108107,2021-05-03T21.38.28.107,4.911,-0.184,0.922,-0.365
1620103108187,2021-05-03T21.38.28.187,4.991,-0.187,0.917,-0.369
1620103108268,2021-05-03T21.38.28.268,5.072,-0.188,0.920,-0.373
1620103108348,2021-05-03T21.38.28.348,5.152,-0.197,0.918,-0.372
1620103108429,2021-05-03T21.38.28.429,5.233,-0.200,0.916,-0.369
1620103108509,2021-05-03T21.38.28.509,5.313,-0.193,0.919,-0.373
1620103108590,2021-05-03T21.38.28.590,5.394,-0.200,0.915,-0.373
1620103108670,2021-05-03T21.38.28.670,5.474,-0.186,0.917,-0.375
1620103108751,2021-05-03T21.38.28.751,5.555,-0.180,0.917,-0.375
1620103108832,2021-05-03T21.38.28.832,5.636,-0.170,0.919,-0.372
1620103108912,2021-05-03T21.38.28.912,5.716,-0.182,0.919,-0.369
1620103108993,2021-05-03T21.38.28.993,5.797,-0.197,0.915,-0.371
1620103109073,2021-05-03T21.38.29.073,5.877,-0.194,0.917,-0.375
1620103109154,2021-05-03T21.38.29.154,5.958,-0.187,0.919,-0.374
1620103109234,2021-05-03T21.38.29.234,6.038,-0.186,0.918,-0.375
1620103109314,2021-05-03T21.38.29.314,6.118,-0.186,0.916,-0.378
1620103109394,2021-05-03T21.38.29.394,6.198,-0.188,0.917,-0.379
1620103109475,2021-05-03T21.38.29.475,6.279,-0.191,0.916,-0.379
1620103109555,2021-05-03T21.38.29.555,6.359,-0.188,0.918,-0.378
1620103109636,2021-05-03T21.38.29.636,6.440,-0.178,0.918,-0.372
1620103109716,2021-05-03T21.38.29.716,6.520,-0.181,0.917,-0.370
1620103109797,2021-05-03T21.38.29.797,6.601,-0.178,0.919,-0.374
1620103109878,2021-05-03T21.38.29.878,6.682,-0.176,0.918,-0.375
1620103109958,2021-05-03T21.38.29.958,6.762,-0.179,0.919,-0.375
1620103110039,2021-05-03T21.38.30.039,6.843,-0.164,0.922,-0.368
1620103110119,2021-05-03T21.38.30.119,6.923,-0.183,0.923,-0.367
1620103110200,2021-05-03T21.38.30.200,7.004,-0.186,0.919,-0.367
1620103110280,2021-05-03T21.38.30.280,7.084,-0.169,0.920,-0.370
1620103110361,2021-05-03T21.38.30.361,7.165,-0.174,0.921,-0.374
1620103110441,2021-05-03T21.38.30.441,7.245,-0.175,0.919,-0.373
1620103110522,2021-05-03T21.38.30.522,7.326,-0.174,0.919,-0.373
1620103110603,2021-05-03T21.38.30.603,7.407,-0.180,0.919,-0.374
1620103110683,2021-05-03T21.38.30.683,7.487,-0.179,0.918,-0.377
1620103110764,2021-05-03T21.38.30.764,7.568,-0.178,0.917,-0.377
1620103110844,2021-05-03T21.38.30.844,7.648,-0.190,0.911,-0.385
1620103110923,2021-05-03T21.38.30.923,7.727,-0.188,0.906,-0.401
1620103111004,2021-05-03T21.38.31.004,7.808,-0.169,0.914,-0.406
1620103111085,2021-05-03T21.38.31.085,7.889,-0.583,0.840,-0.406
1620103111165,2021-05-03T21.38.31.165,7.969,-0.607,0.601,-0.852
1620103111246,2021-05-03T21.38.31.246,8.050,1.267,1.027,-0.545
1620103111326,2021-05-03T21.38.31.326,8.130,0.444,0.885,-0.342
1620103111407,2021-05-03T21.38.31.407,8.211,-0.145,0.733,-0.737
1620103111487,2021-05-03T21.38.31.487,8.291,-0.354,0.792,-0.673
1620103111568,2021-05-03T21.38.31.568,8.372,-0.271,0.890,-0.540
1620103111649,2021-05-03T21.38.31.649,8.453,-0.066,0.873,-0.513
1620103111729,2021-05-03T21.38.31.729,8.533,-0.097,0.854,-0.511
1620103111810,2021-05-03T21.38.31.810,8.614,-0.138,0.856,-0.510
1620103111890,2021-05-03T21.38.31.890,8.694,-0.121,0.883,-0.501
1620103111971,2021-05-03T21.38.31.971,8.775,-0.105,0.877,-0.483
1620103112051,2021-05-03T21.38.32.051,8.855,-0.096,0.876,-0.480
1620103112132,2021-05-03T21.38.32.132,8.936,-0.094,0.881,-0.477
1620103112212,2021-05-03T21.38.32.212,9.016,-0.105,0.887,-0.474
1620103112293,2021-05-03T21.38.32.293,9.097,-0.096,0.888,-0.469
1620103112374,2021-05-03T21.38.32.374,9.178,-0.105,0.892,-0.458
1620103112453,2021-05-03T21.38.32.453,9.257,-0.109,0.891,-0.452
1620103112533,2021-05-03T21.38.32.533,9.337,-0.111,0.894,-0.452
1620103112614,2021-05-03T21.38.32.614,9.418,-0.112,0.888,-0.455
1620103112694,2021-05-03T21.38.32.694,9.498,-0.106,0.894,-0.458
1620103112775,2021-05-03T21.38.32.775,9.579,-0.113,0.897,-0.454
1620103112856,2021-05-03T21.38.32.856,9.660,-0.109,0.897,-0.446
1620103112936,2021-05-03T21.38.32.936,9.740,-0.107,0.897,-0.442
1620103113017,2021-05-03T21.38.33.017,9.821,-0.114,0.898,-0.441
1620103113097,2021-05-03T21.38.33.097,9.901,-0.121,0.899,-0.443
1620103113178,2021-05-03T21.38.33.178,9.982,-0.122,0.900,-0.442
1620103113258,2021-05-03T21.38.33.258,10.062,-0.119,0.898,-0.440
1620103113339,2021-05-03T21.38.33.339,10.143,-0.115,0.900,-0.438
1620103113420,2021-05-03T21.38.33.420,10.224,-0.122,0.896,-0.438
1620103113500,2021-05-03T21.38.33.500,10.304,-0.130,0.898,-0.444
1620103113581,2021-05-03T21.38.33.581,10.385,-0.141,0.897,-0.445
1620103113661,2021-05-03T21.38.33.661,10.465,-0.151,0.897,-0.439
1620103113742,2021-05-03T21.38.33.742,10.546,-0.152,0.894,-0.441
1620103113822,2021-05-03T21.38.33.822,10.626,-0.147,0.897,-0.445
1620103113903,2021-05-03T21.38.33.903,10.707,-0.140,0.888,-0.449
1620103113983,2021-05-03T21.38.33.983,10.787,-0.144,0.894,-0.445
1620103114063,2021-05-03T21.38.34.063,10.867,-0.149,0.896,-0.441
1620103114143,2021-05-03T21.38.34.143,10.947,-0.131,0.896,-0.441
1620103114224,2021-05-03T21.38.34.224,11.028,-0.127,0.899,-0.448
1620103114304,2021-05-03T21.38.34.304,11.108,-0.132,0.892,-0.448
1620103114385,2021-05-03T21.38.34.385,11.189,-0.135,0.899,-0.445
1620103114465,2021-05-03T21.38.34.465,11.269,-0.151,0.887,-0.443
1620103114546,2021-05-03T21.38.34.546,11.350,-0.172,0.878,-0.462
1620103114627,2021-05-03T21.38.34.627,11.431,-0.177,0.869,-0.485
1620103114707,2021-05-03T21.38.34.707,11.511,-0.211,0.854,-0.491
1620103114788,2021-05-03T21.38.34.788,11.592,-0.227,0.773,-0.489
1620103114868,2021-05-03T21.38.34.868,11.672,-0.273,0.771,-0.500
1620103114949,2021-05-03T21.38.34.949,11.753,-0.373,0.886,-0.572
1620103115029,2021-05-03T21.38.35.029,11.833,-0.235,0.809,-0.594
1620103115110,2021-05-03T21.38.35.110,11.914,-0.116,0.862,-0.641
1620103115190,2021-05-03T21.38.35.190,11.994,-0.019,0.842,-0.585
1620103115271,2021-05-03T21.38.35.271,12.075,0.001,0.827,-0.560
1620103115352,2021-05-03T21.38.35.352,12.156,-0.025,0.814,-0.615
1620103115432,2021-05-03T21.38.35.432,12.236,-0.031,0.798,-0.638
1620103115513,2021-05-03T21.38.35.513,12.317,-0.008,0.799,-0.619
1620103115592,2021-05-03T21.38.35.592,12.396,0.009,0.785,-0.652
1620103115672,2021-05-03T21.38.35.672,12.476,-0.072,0.680,-0.690
1620103115753,2021-05-03T21.38.35.753,12.557,0.044,0.562,-0.580
1620103115834,2021-05-03T21.38.35.834,12.638,0.089,0.905,-0.826
1620103115914,2021-05-03T21.38.35.914,12.718,0.021,1.028,-0.885
1620103115995,2021-05-03T21.38.35.995,12.799,0.007,0.625,-0.609
1620103116075,2021-05-03T21.38.36.075,12.879,-0.061,0.559,-0.492
1620103116156,2021-05-03T21.38.36.156,12.960,-0.168,0.520,-0.505
1620103116236,2021-05-03T21.38.36.236,13.040,-0.136,0.791,-0.786
1620103116317,2021-05-03T21.38.36.317,13.121,-0.110,1.320,-1.123
1620103116398,2021-05-03T21.38.36.398,13.202,0.003,0.875,-0.749
1620103116478,2021-05-03T21.38.36.478,13.282,-0.033,0.417,-0.307
1620103116559,2021-05-03T21.38.36.559,13.363,-0.064,0.422,-0.354
1620103116639,2021-05-03T21.38.36.639,13.443,-0.298,0.879,-0.726
1620103116720,2021-05-03T21.38.36.720,13.524,-0.433,1.322,-1.107
1620103116800,2021-05-03T21.38.36.800,13.604,-0.255,0.766,-0.701
1620103116881,2021-05-03T21.38.36.881,13.685,-0.190,0.377,-0.221
1620103116961,2021-05-03T21.38.36.961,13.765,-0.237,0.413,-0.256
1620103117042,2021-05-03T21.38.37.042,13.846,-0.217,0.976,-0.916
1620103117121,2021-05-03T21.38.37.121,13.925,-0.017,1.276,-1.167
1620103117202,2021-05-03T21.38.37.202,14.006,-0.121,0.585,-0.619
1620103117282,2021-05-03T21.38.37.282,14.086,-0.151,0.388,-0.348
1620103117363,2021-05-03T21.38.37.363,14.167,-0.095,0.691,-0.579
1620103117443,2021-05-03T21.38.37.443,14.247,-0.199,1.067,-0.808
1620103117524,2021-05-03T21.38.37.524,14.328,-0.201,1.048,-0.733
1620103117605,2021-05-03T21.38.37.605,14.409,-0.145,0.648,-0.349
1620103117685,2021-05-03T21.38.37.685,14.489,-0.188,0.481,-0.313
1620103117766,2021-05-03T21.38.37.766,14.570,-0.196,0.854,-0.689
1620103117846,2021-05-03T21.38.37.846,14.650,-0.060,1.070,-0.887
1620103117927,2021-05-03T21.38.37.927,14.731,-0.091,0.868,-0.743
1620103118007,2021-05-03T21.38.38.007,14.811,-0.174,0.676,-0.453
1620103118088,2021-05-03T21.38.38.088,14.892,-0.170,0.626,-0.394
1620103118169,2021-05-03T21.38.38.169,14.973,-0.214,0.854,-0.550
1620103118249,2021-05-03T21.38.38.249,15.053,-0.265,1.088,-0.757
1620103118330,2021-05-03T21.38.38.330,15.134,-0.143,0.885,-0.584
1620103118410,2021-05-03T21.38.38.410,15.214,-0.143,0.619,-0.365
1620103118491,2021-05-03T21.38.38.491,15.295,-0.146,0.646,-0.489
1620103118571,2021-05-03T21.38.38.571,15.375,-0.031,0.965,-0.714
1620103118652,2021-05-03T21.38.38.652,15.456,-0.036,1.027,-0.747
1620103118731,2021-05-03T21.38.38.731,15.535,-0.128,0.800,-0.556
1620103118812,2021-05-03T21.38.38.812,15.616,-0.140,0.664,-0.412
1620103118892,2021-05-03T21.38.38.892,15.696,-0.134,0.635,-0.460
1620103118973,2021-05-03T21.38.38.973,15.777,-0.215,1.038,-0.835
1620103119053,2021-05-03T21.38.39.053,15.857,-0.159,0.991,-0.807
1620103119134,2021-05-03T21.38.39.134,15.938,0.085,0.588,-0.360
1620103119214,2021-05-03T21.38.39.214,16.018,0.861,0.234,-0.570
1620103119295,2021-05-03T21.38.39.295,16.099,-0.017,0.313,-1.908
1620103119376,2021-05-03T21.38.39.376,16.180,-1.943,0.794,-1.287
1620103119456,2021-05-03T21.38.39.456,16.260,-0.426,0.414,-0.890
1620103119537,2021-05-03T21.38.39.537,16.341,0.086,0.312,-0.673
1620103119617,2021-05-03T21.38.39.617,16.421,0.093,0.854,-0.751
1620103119698,2021-05-03T21.38.39.698,16.502,-0.043,1.125,-0.918
1620103119778,2021-05-03T21.38.39.778,16.582,0.002,0.612,-0.513
1620103119859,2021-05-03T21.38.39.859,16.663,-0.041,0.361,-0.218
1620103119940,2021-05-03T21.38.39.940,16.744,0.048,0.941,-0.699
1620103120020,2021-05-03T21.38.40.020,16.824,0.192,1.465,-1.111
1620103120101,2021-05-03T21.38.40.101,16.905,-0.028,0.723,-0.540
1620103120181,2021-05-03T21.38.40.181,16.985,-0.043,0.219,-0.097
1620103120260,2021-05-03T21.38.40.260,17.064,-0.050,0.570,-0.433
1620103120341,2021-05-03T21.38.40.341,17.145,-0.244,1.453,-1.123
1620103120421,2021-05-03T21.38.40.421,17.225,-0.237,1.066,-0.867
1620103120502,2021-05-03T21.38.40.502,17.306,-0.064,0.390,-0.237
1620103120583,2021-05-03T21.38.40.583,17.387,-0.045,0.270,-0.219
1620103120663,2021-05-03T21.38.40.663,17.467,-0.021,1.164,-0.933
1620103120744,2021-05-03T21.38.40.744,17.548,0.052,1.381,-1.133
1620103120824,2021-05-03T21.38.40.824,17.628,-0.020,0.503,-0.347
1620103120905,2021-05-03T21.38.40.905,17.709,-0.048,0.255,-0.183
1620103120985,2021-05-03T21.38.40.985,17.789,-0.204,1.017,-0.783
1620103121066,2021-05-03T21.38.41.066,17.870,-0.206,1.193,-0.981
1620103121147,2021-05-03T21.38.41.147,17.951,-0.075,0.730,-0.520
1620103121227,2021-05-03T21.38.41.227,18.031,-0.145,0.564,-0.309
1620103121308,2021-05-03T21.38.41.308,18.112,-0.301,0.735,-0.556
1620103121388,2021-05-03T21.38.41.388,18.192,-0.396,0.906,-0.804
1620103121469,2021-05-03T21.38.41.469,18.273,-0.369,0.634,-0.699
1620103121549,2021-05-03T21.38.41.549,18.353,-0.319,0.328,-0.685
1620103121630,2021-05-03T21.38.41.630,18.434,0.075,0.504,-0.934
1620103121711,2021-05-03T21.38.41.711,18.515,0.618,0.545,-1.074
1620103121791,2021-05-03T21.38.41.791,18.595,0.606,0.550,-0.945
1620103121870,2021-05-03T21.38.41.870,18.674,0.375,0.575,-0.930
1620103121951,2021-05-03T21.38.41.951,18.755,0.339,0.624,-0.911
1620103122031,2021-05-03T21.38.42.031,18.835,0.339,0.657,-0.818
1620103122112,2021-05-03T21.38.42.112,18.916,0.218,0.650,-0.706
1620103122192,2021-05-03T21.38.42.192,18.996,0.115,0.691,-0.585
1620103122273,2021-05-03T21.38.42.273,19.077,0.039,0.693,-0.428
1620103122354,2021-05-03T21.38.42.354,19.158,-0.013,0.717,-0.354
1620103122434,2021-05-03T21.38.42.434,19.238,-0.183,0.499,-0.191
1620103122515,2021-05-03T21.38.42.515,19.319,-0.315,0.428,0.025
1620103122595,2021-05-03T21.38.42.595,19.399,-0.253,0.638,0.189
1620103122676,2021-05-03T21.38.42.676,19.480,-0.228,0.871,0.255
1620103122756,2021-05-03T21.38.42.756,19.560,-0.350,0.896,0.393
1620103122837,2021-05-03T21.38.42.837,19.641,-0.322,0.956,0.569
1620103122918,2021-05-03T21.38.42.918,19.722,-0.231,1.126,0.686
1620103122998,2021-05-03T21.38.42.998,19.802,-0.213,1.058,0.952
1620103123079,2021-05-03T21.38.43.079,19.883,-0.236,1.014,1.105
1620103123159,2021-05-03T21.38.43.159,19.963,-0.250,1.084,1.212
1620103123240,2021-05-03T21.38.43.240,20.044,-0.150,1.052,1.271
1620103123320,2021-05-03T21.38.43.320,20.124,-0.150,0.938,1.144
1620103123399,2021-05-03T21.38.43.399,20.203,-0.155,0.887,0.912
1620103123480,2021-05-03T21.38.43.480,20.284,-0.076,0.869,0.664
1620103123561,2021-05-03T21.38.43.561,20.365,-0.006,0.781,0.367
1620103123641,2021-05-03T21.38.43.641,20.445,-0.031,0.681,0.021
1620103123722,2021-05-03T21.38.43.722,20.526,-0.067,0.622,-0.280
1620103123802,2021-05-03T21.38.43.802,20.606,-0.105,0.594,-0.458
1620103123883,2021-05-03T21.38.43.883,20.687,-0.136,0.566,-0.559
1620103123963,2021-05-03T21.38.43.963,20.767,-0.100,0.661,-0.644
1620103124044,2021-05-03T21.38.44.044,20.848,-0.062,0.625,-0.649
1620103124125,2021-05-03T21.38.44.125,20.929,-0.066,0.617,-0.655
1620103124205,2021-05-03T21.38.44.205,21.009,-0.028,0.642,-0.697
1620103124286,2021-05-03T21.38.44.286,21.090,-0.000,0.631,-0.737
1620103124366,2021-05-03T21.38.44.366,21.170,0.098,0.576,-0.704
1620103124447,2021-05-03T21.38.44.447,21.251,0.203,0.606,-0.630
1620103124527,2021-05-03T21.38.44.527,21.331,0.148,0.567,-0.463
1620103124608,2021-05-03T21.38.44.608,21.412,0.276,0.642,-0.307
1620103124689,2021-05-03T21.38.44.689,21.493,0.454,0.667,-0.207
1620103124769,2021-05-03T21.38.44.769,21.573,0.500,0.630,-0.085
1620103124850,2021-05-03T21.38.44.850,21.654,0.775,0.705,0.116
1620103124930,2021-05-03T21.38.44.930,21.734,1.287,0.679,0.416
1620103125011,2021-05-03T21.38.45.011,21.815,1.921,0.450,0.866
1620103125090,2021-05-03T21.38.45.090,21.894,1.885,-0.051,1.331
1620103125170,2021-05-03T21.38.45.170,21.974,0.019,-0.452,0.868
1620103125251,2021-05-03T21.38.45.251,22.055,-1.780,-0.131,0.060
1620103125332,2021-05-03T21.38.45.332,22.136,-1.357,0.216,-1.104
1620103125412,2021-05-03T21.38.45.412,22.216,0.183,0.917,-1.250
1620103125493,2021-05-03T21.38.45.493,22.297,0.259,0.989,-0.159
1620103125573,2021-05-03T21.38.45.573,22.377,-0.565,0.871,-0.220
1620103125654,2021-05-03T21.38.45.654,22.458,-0.376,0.939,-0.358
1620103125734,2021-05-03T21.38.45.734,22.538,-0.195,1.004,-0.307
1620103125815,2021-05-03T21.38.45.815,22.619,-0.286,0.787,-0.380
1620103125896,2021-05-03T21.38.45.896,22.700,-0.352,0.753,-0.457
1620103125976,2021-05-03T21.38.45.976,22.780,-0.323,0.777,-0.526
1620103126057,2021-05-03T21.38.46.057,22.861,-0.250,0.765,-0.525
1620103126137,2021-05-03T21.38.46.137,22.941,-0.229,0.789,-0.543
1620103126218,2021-05-03T21.38.46.218,23.022,-0.196,0.816,-0.565
1620103126298,2021-05-03T21.38.46.298,23.102,-0.109,0.831,-0.553
1620103126379,2021-05-03T21.38.46.379,23.183,-0.168,0.889,-0.599
1620103126460,2021-05-03T21.38.46.460,23.264,-0.131,0.805,-0.540
1620103126540,2021-05-03T21.38.46.540,23.344,0.035,0.667,-0.514
1620103126619,2021-05-03T21.38.46.619,23.423,0.121,1.040,-0.732
1620103126700,2021-05-03T21.38.46.700,23.504,0.434,0.693,-0.628
1620103126780,2021-05-03T21.38.46.780,23.584,0.123,0.434,-0.829
1620103126861,2021-05-03T21.38.46.861,23.665,-0.483,0.743,-0.923
1620103126941,2021-05-03T21.38.46.941,23.745,-0.230,0.785,-0.781
1620103127022,2021-05-03T21.38.47.022,23.826,-0.239,0.639,-0.656
1620103127103,2021-05-03T21.38.47.103,23.907,-0.278,0.757,-0.737
1620103127183,2021-05-03T21.38.47.183,23.987,-0.278,0.810,-0.738
1620103127264,2021-05-03T21.38.47.264,24.068,-0.255,0.666,-0.610
1620103127344,2021-05-03T21.38.47.344,24.148,-0.045,0.689,-0.666
1620103127425,2021-05-03T21.38.47.425,24.229,0.008,0.688,-0.600
1620103127505,2021-05-03T21.38.47.505,24.309,-0.185,0.824,-0.664
1620103127586,2021-05-03T21.38.47.586,24.390,-0.248,0.964,-0.736
1620103127667,2021-05-03T21.38.47.667,24.471,-0.118,0.707,-0.495
1620103127747,2021-05-03T21.38.47.747,24.551,-0.008,0.658,-0.450
1620103127828,2021-05-03T21.38.47.828,24.632,0.008,1.042,-0.686
1620103127908,2021-05-03T21.38.47.908,24.712,-0.152,0.880,-0.588
1620103127989,2021-05-03T21.38.47.989,24.793,-0.173,0.636,-0.550
1620103128069,2021-05-03T21.38.48.069,24.873,-0.012,0.751,-0.615
1620103128149,2021-05-03T21.38.48.149,24.953,-0.107,0.989,-0.742
1620103128229,2021-05-03T21.38.48.229,25.033,-0.179,0.771,-0.611
1620103128310,2021-05-03T21.38.48.310,25.114,0.148,0.679,-0.538
1620103128390,2021-05-03T21.38.48.390,25.194,0.021,0.804,-0.652
1620103128471,2021-05-03T21.38.48.471,25.275,-0.350,0.832,-0.611
1620103128551,2021-05-03T21.38.48.551,25.355,-0.104,0.826,-0.445
1620103128632,2021-05-03T21.38.48.632,25.436,-0.068,0.798,-0.473
1620103128712,2021-05-03T21.38.48.712,25.516,-0.102,1.002,-0.577
1620103128793,2021-05-03T21.38.48.793,25.597,-0.109,0.900,-0.517
1620103128874,2021-05-03T21.38.48.874,25.678,-0.027,0.775,-0.492
1620103128954,2021-05-03T21.38.48.954,25.758,0.025,0.844,-0.598
1620103129035,2021-05-03T21.38.49.035,25.839,0.042,0.791,-0.698
1620103129115,2021-05-03T21.38.49.115,25.919,-0.006,0.695,-0.676
1620103129196,2021-05-03T21.38.49.196,26.000,-0.002,0.665,-0.717
1620103129276,2021-05-03T21.38.49.276,26.080,-0.019,0.772,-0.806
1620103129357,2021-05-03T21.38.49.357,26.161,-0.097,0.747,-0.777
1620103129438,2021-05-03T21.38.49.438,26.242,-0.129,0.599,-0.675
1620103129518,2021-05-03T21.38.49.518,26.322,-0.139,0.608,-0.642
1620103129599,2021-05-03T21.38.49.599,26.403,-0.237,0.756,-0.833
1620103129679,2021-05-03T21.38.49.679,26.483,-0.325,0.810,-0.863
1620103129758,2021-05-03T21.38.49.758,26.562,-0.234,0.546,-0.696
1620103129839,2021-05-03T21.38.49.839,26.643,-0.197,0.571,-0.672
1620103129920,2021-05-03T21.38.49.920,26.724,-0.322,0.563,-0.706
1620103130000,2021-05-03T21.38.50.000,26.804,-0.521,0.528,-0.878
1620103130081,2021-05-03T21.38.50.081,26.885,-0.582,0.496,-1.157
1620103130161,2021-05-03T21.38.50.161,26.965,-0.139,0.377,-1.037
1620103130242,2021-05-03T21.38.50.242,27.046,0.282,0.495,-0.929
1620103130322,2021-05-03T21.38.50.322,27.126,0.189,0.848,-0.913
1620103130403,2021-05-03T21.38.50.403,27.207,0.167,0.732,-0.855
1620103130483,2021-05-03T21.38.50.483,27.287,0.086,0.630,-0.777
1620103130564,2021-05-03T21.38.50.564,27.368,0.090,0.578,-0.774
1620103130645,2021-05-03T21.38.50.645,27.449,0.061,0.614,-0.711
1620103130725,2021-05-03T21.38.50.725,27.529,0.057,0.583,-0.592
1620103130806,2021-05-03T21.38.50.806,27.610,0.000,0.586,-0.602
1620103130886,2021-05-03T21.38.50.886,27.690,-0.165,1.014,-0.929
1620103130967,2021-05-03T21.38.50.967,27.771,-0.165,1.155,-1.073
1620103131047,2021-05-03T21.38.51.047,27.851,-0.106,0.823,-0.832
1620103131128,2021-05-03T21.38.51.128,27.932,-0.080,0.583,-0.354
1620103131209,2021-05-03T21.38.51.209,28.013,0.010,0.074,-0.037
1620103131288,2021-05-03T21.38.51.288,28.092,0.014,0.988,-0.849
1620103131368,2021-05-03T21.38.51.368,28.172,0.143,1.629,-1.466
1620103131449,2021-05-03T21.38.51.449,28.253,0.025,0.779,-0.624
1620103131529,2021-05-03T21.38.51.529,28.333,0.013,-0.123,0.115
1620103131610,2021-05-03T21.38.51.610,28.414,0.005,0.250,-0.268
1620103131690,2021-05-03T21.38.51.690,28.494,-0.140,1.435,-1.349
1620103131771,2021-05-03T21.38.51.771,28.575,-0.257,1.382,-1.489
1620103131852,2021-05-03T21.38.51.852,28.656,-0.105,0.478,-0.480
1620103131932,2021-05-03T21.38.51.932,28.736,0.018,-0.003,0.037
1620103132013,2021-05-03T21.38.52.013,28.817,0.012,0.455,-0.413
1620103132093,2021-05-03T21.38.52.093,28.897,0.050,1.576,-1.302
1620103132174,2021-05-03T21.38.52.174,28.978,-0.056,1.341,-1.144
1620103132254,2021-05-03T21.38.52.254,29.058,-0.039,0.286,-0.201
1620103132335,2021-05-03T21.38.52.335,29.139,-0.041,0.142,-0.029
1620103132416,2021-05-03T21.38.52.416,29.220,-0.121,0.952,-0.743
1620103132496,2021-05-03T21.38.52.496,29.300,-0.253,1.370,-1.188
1620103132577,2021-05-03T21.38.52.577,29.381,-0.090,0.765,-0.559
1620103132657,2021-05-03T21.38.52.657,29.461,0.007,0.352,-0.156
1620103132738,2021-05-03T21.38.52.738,29.542,-0.065,0.821,-0.559
1620103132818,2021-05-03T21.38.52.818,29.622,0.049,0.552,-0.475
1620103132898,2021-05-03T21.38.52.898,29.702,0.362,0.455,-0.986
1620103132978,2021-05-03T21.38.52.978,29.782,0.347,0.600,-1.395
1620103133059,2021-05-03T21.38.53.059,29.863,0.369,0.300,-1.255
1620103133139,2021-05-03T21.38.53.139,29.943,0.068,0.664,-1.336
1620103133220,2021-05-03T21.38.53.220,30.024,0.059,0.559,-0.833
1620103133300,2021-05-03T21.38.53.300,30.104,0.060,-0.015,-0.094
1620103133381,2021-05-03T21.38.53.381,30.185,-0.109,0.617,-0.337
1620103133461,2021-05-03T21.38.53.461,30.265,-0.027,1.922,-1.051
1620103133542,2021-05-03T21.38.53.542,30.346,-0.060,0.845,-0.470
1620103133623,2021-05-03T21.38.53.623,30.427,-0.066,0.053,0.077
1620103133703,2021-05-03T21.38.53.703,30.507,-0.017,0.648,-0.363
1620103133784,2021-05-03T21.38.53.784,30.588,-0.226,1.579,-1.107
1620103133864,2021-05-03T21.38.53.864,30.668,-0.213,1.071,-0.857
1620103133945,2021-05-03T21.38.53.945,30.749,-0.083,0.276,-0.163
1620103134025,2021-05-03T21.38.54.025,30.829,-0.013,0.210,-0.191
1620103134106,2021-05-03T21.38.54.106,30.910,-0.035,1.198,-1.072
1620103134187,2021-05-03T21.38.54.187,30.991,-0.035,1.554,-1.322
1620103134267,2021-05-03T21.38.54.267,31.071,-0.034,0.443,-0.390
1620103134348,2021-05-03T21.38.54.348,31.152,0.014,0.088,-0.071
1620103134428,2021-05-03T21.38.54.428,31.232,-0.125,0.818,-0.671
1620103134507,2021-05-03T21.38.54.507,31.311,-0.273,1.510,-1.214
1620103134588,2021-05-03T21.38.54.588,31.392,-0.163,0.827,-0.677
1620103134669,2021-05-03T21.38.54.669,31.473,-0.054,0.295,-0.157
1620103134749,2021-05-03T21.38.54.749,31.553,-0.099,0.393,-0.241
1620103134830,2021-05-03T21.38.54.830,31.634,-0.121,1.188,-0.858
1620103134910,2021-05-03T21.38.54.910,31.714,-0.025,1.445,-1.116
1620103134991,2021-05-03T21.38.54.991,31.795,-0.063,0.517,-0.491
1620103135071,2021-05-03T21.38.55.071,31.875,-0.022,0.356,-0.299
1620103135152,2021-05-03T21.38.55.152,31.956,-0.061,0.724,-0.625
1620103135232,2021-05-03T21.38.55.232,32.036,-0.288,0.916,-0.721
1620103135313,2021-05-03T21.38.55.313,32.117,-0.415,1.045,-0.705
1620103135394,2021-05-03T21.38.55.394,32.198,-0.290,0.917,-0.470
1620103135474,2021-05-03T21.38.55.474,32.278,-0.270,0.678,-0.286
1620103135555,2021-05-03T21.38.55.555,32.359,-0.231,0.857,-0.528
1620103135635,2021-05-03T21.38.55.635,32.439,-0.093,1.057,-0.596
1620103135716,2021-05-03T21.38.55.716,32.520,-0.093,0.926,-0.500
1620103135796,2021-05-03T21.38.55.796,32.600,-0.071,0.691,-0.314
1620103135877,2021-05-03T21.38.55.877,32.681,-0.168,0.748,-0.297
1620103135958,2021-05-03T21.38.55.958,32.762,-0.369,1.229,-0.662
1620103136037,2021-05-03T21.38.56.037,32.841,-0.285,1.113,-0.648
1620103136117,2021-05-03T21.38.56.117,32.921,-0.142,0.500,-0.256
1620103136198,2021-05-03T21.38.56.198,33.002,-0.157,0.413,-0.206
1620103136278,2021-05-03T21.38.56.278,33.082,-0.139,1.174,-0.863
1620103136359,2021-05-03T21.38.56.359,33.163,0.084,1.368,-0.953
1620103136440,2021-05-03T21.38.56.440,33.244,0.020,0.521,-0.348
1620103136520,2021-05-03T21.38.56.520,33.324,0.094,0.268,-0.181
1620103136601,2021-05-03T21.38.56.601,33.405,-0.254,0.893,-0.731
1620103136681,2021-05-03T21.38.56.681,33.485,-0.819,1.232,-1.124
1620103136762,2021-05-03T21.38.56.762,33.566,-0.441,0.611,-0.586
1620103136842,2021-05-03T21.38.56.842,33.646,-0.325,0.484,-0.236
1620103136923,2021-05-03T21.38.56.923,33.727,-0.434,0.571,-0.503
1620103137003,2021-05-03T21.38.57.003,33.807,-0.090,0.895,-0.752
1620103137084,2021-05-03T21.38.57.084,33.888,0.389,0.809,-0.617
1620103137165,2021-05-03T21.38.57.165,33.969,0.608,0.750,-0.534
1620103137245,2021-05-03T21.38.57.245,34.049,0.686,0.693,-0.416
1620103137326,2021-05-03T21.38.57.326,34.130,0.813,0.631,-0.298
1620103137406,2021-05-03T21.38.57.406,34.210,0.813,0.622,-0.254
1620103137487,2021-05-03T21.38.57.487,34.291,0.737,0.642,-0.241
1620103137567,2021-05-03T21.38.57.567,34.371,0.632,0.694,-0.264
1620103137647,2021-05-03T21.38.57.647,34.451,0.556,0.761,-0.332
1620103137727,2021-05-03T21.38.57.727,34.531,0.409,0.755,-0.383
1620103137808,2021-05-03T21.38.57.808,34.612,0.266,0.787,-0.427
1620103137888,2021-05-03T21.38.57.888,34.692,0.170,0.812,-0.511
1620103137969,2021-05-03T21.38.57.969,34.773,0.104,0.804,-0.569
1620103138049,2021-05-03T21.38.58.049,34.853,-0.020,0.678,-0.609
1620103138130,2021-05-03T21.38.58.130,34.934,-0.135,0.656,-0.622
1620103138211,2021-05-03T21.38.58.211,35.015,-0.209,0.750,-0.609
1620103138291,2021-05-03T21.38.58.291,35.095,-0.168,0.791,-0.475
1620103138372,2021-05-03T21.38.58.372,35.176,-0.097,0.699,-0.344
1620103138452,2021-05-03T21.38.58.452,35.256,-0.085,0.815,-0.354
1620103138533,2021-05-03T21.38.58.533,35.337,0.024,0.936,-0.316
1620103138613,2021-05-03T21.38.58.613,35.417,0.070,1.071,-0.270
1620103138694,2021-05-03T21.38.58.694,35.498,0.044,1.122,-0.210
1620103138774,2021-05-03T21.38.58.774,35.578,0.095,1.157,-0.075
1620103138855,2021-05-03T21.38.58.855,35.659,0.191,1.212,-0.030
1620103138936,2021-05-03T21.38.58.936,35.740,0.168,1.210,0.026
1620103139016,2021-05-03T21.38.59.016,35.820,0.152,1.202,0.054
1620103139097,2021-05-03T21.38.59.097,35.901,0.157,1.188,0.025
1620103139177,2021-05-03T21.38.59.177,35.981,0.107,1.149,-0.063
1620103139258,2021-05-03T21.38.59.258,36.062,0.062,1.076,-0.170
1620103139337,2021-05-03T21.38.59.337,36.141,0.031,0.922,-0.251
1620103139418,2021-05-03T21.38.59.418,36.222,0.025,0.910,-0.419
1620103139498,2021-05-03T21.38.59.498,36.302,0.058,0.786,-0.512
1620103139579,2021-05-03T21.38.59.579,36.383,0.039,0.632,-0.521
1620103139659,2021-05-03T21.38.59.659,36.463,-0.124,0.502,-0.596
1620103139740,2021-05-03T21.38.59.740,36.544,-0.646,0.555,-0.672
1620103139820,2021-05-03T21.38.59.820,36.624,-0.586,0.622,-0.704
1620103139901,2021-05-03T21.38.59.901,36.705,-0.272,0.681,-0.675
1620103139982,2021-05-03T21.38.59.982,36.786,-0.369,0.672,-0.602
1620103140062,2021-05-03T21.39.00.062,36.866,-0.536,0.555,-0.641
1620103140143,2021-05-03T21.39.00.143,36.947,-0.607,0.439,-0.879
1620103140223,2021-05-03T21.39.00.223,37.027,0.194,0.573,-1.018
1620103140304,2021-05-03T21.39.00.304,37.108,1.650,1.060,-0.620
1620103140384,2021-05-03T21.39.00.384,37.188,0.992,0.588,-1.212
1620103140465,2021-05-03T21.39.00.465,37.269,-0.978,0.371,-1.018
1620103140545,2021-05-03T21.39.00.545,37.349,-1.250,0.934,-0.457
1620103140626,2021-05-03T21.39.00.626,37.430,-0.311,0.813,-0.714
1620103140707,2021-05-03T21.39.00.707,37.511,-0.250,0.508,-0.792
1620103140787,2021-05-03T21.39.00.787,37.591,0.453,0.890,-0.729
1620103140866,2021-05-03T21.39.00.866,37.670,0.655,0.960,-0.501
1620103140947,2021-05-03T21.39.00.947,37.751,0.284,0.906,-0.473
1620103141027,2021-05-03T21.39.01.027,37.831,0.228,0.919,-0.456
1620103141108,2021-05-03T21.39.01.108,37.912,0.181,0.924,-0.495
1620103141189,2021-05-03T21.39.01.189,37.993,-0.060,0.831,-0.399
1620103141269,2021-05-03T21.39.01.269,38.073,-0.321,0.766,-0.396
1620103141350,2021-05-03T21.39.01.350,38.154,-0.341,0.825,-0.507
1620103141430,2021-05-03T21.39.01.430,38.234,-0.222,0.862,-0.504
1620103141511,2021-05-03T21.39.01.511,38.315,-0.280,0.832,-0.492
1620103141591,2021-05-03T21.39.01.591,38.395,-0.332,0.857,-0.496
1620103141672,2021-05-03T21.39.01.672,38.476,-0.281,0.684,-0.402
1620103141753,2021-05-03T21.39.01.753,38.557,-0.342,0.466,-0.217
1620103141833,2021-05-03T21.39.01.833,38.637,-0.479,1.053,-0.732
1620103141914,2021-05-03T21.39.01.914,38.718,-0.396,1.437,-1.279
1620103141994,2021-05-03T21.39.01.994,38.798,-0.268,0.953,-0.825
1620103142075,2021-05-03T21.39.02.075,38.879,-0.199,0.069,0.083
1620103142155,2021-05-03T21.39.02.155,38.959,-0.203,0.030,-0.081
1620103142236,2021-05-03T21.39.02.236,39.040,-0.363,0.968,-0.833
1620103142316,2021-05-03T21.39.02.316,39.120,-0.421,1.761,-1.625
1620103142397,2021-05-03T21.39.02.397,39.201,-0.058,0.768,-0.906
1620103142476,2021-05-03T21.39.02.476,39.280,0.035,-0.011,-0.014
1620103142557,2021-05-03T21.39.02.557,39.361,-0.395,0.405,0.074
1620103142637,2021-05-03T21.39.02.637,39.441,-0.628,0.701,-0.372
1620103142718,2021-05-03T21.39.02.718,39.522,-0.467,1.846,-1.378
1620103142798,2021-05-03T21.39.02.798,39.602,-0.240,1.325,-1.005
1620103142879,2021-05-03T21.39.02.879,39.683,-0.085,0.310,0.086
1620103142960,2021-05-03T21.39.02.960,39.764,-0.089,0.019,0.226
1620103143040,2021-05-03T21.39.03.040,39.844,-0.069,0.443,-0.148
1620103143121,2021-05-03T21.39.03.121,39.925,-0.258,1.599,-1.406
1620103143201,2021-05-03T21.39.03.201,40.005,-0.242,1.901,-1.617
1620103143282,2021-05-03T21.39.03.282,40.086,0.041,0.519,-0.285
1620103143362,2021-05-03T21.39.03.362,40.166,-0.043,-0.145,0.261
1620103143443,2021-05-03T21.39.03.443,40.247,-0.271,0.304,0.047
1620103143524,2021-05-03T21.39.03.524,40.328,-0.421,1.088,-0.828
1620103143604,2021-05-03T21.39.03.604,40.408,-0.320,1.936,-1.532
1620103143685,2021-05-03T21.39.03.685,40.489,-0.119,0.879,-0.785
1620103143765,2021-05-03T21.39.03.765,40.569,-0.094,0.085,0.070
1620103143846,2021-05-03T21.39.03.846,40.650,-0.145,0.024,0.074
1620103143926,2021-05-03T21.39.03.926,40.730,-0.318,0.798,-0.626
1620103144005,2021-05-03T21.39.04.005,40.809,-0.280,1.749,-1.492
1620103144086,2021-05-03T21.39.04.086,40.890,-0.115,1.312,-1.222
1620103144167,2021-05-03T21.39.04.167,40.971,-0.083,0.166,-0.133
1620103144247,2021-05-03T21.39.04.247,41.051,-0.076,0.051,0.121
1620103144328,2021-05-03T21.39.04.328,41.132,-0.175,0.607,-0.189
1620103144408,2021-05-03T21.39.04.408,41.212,-0.266,1.547,-1.043
1620103144489,2021-05-03T21.39.04.489,41.293,-0.223,1.774,-1.386
1620103144569,2021-05-03T21.39.04.569,41.373,-0.149,0.896,-0.607
1620103144650,2021-05-03T21.39.04.650,41.454,-0.015,-0.033,0.136
1620103144731,2021-05-03T21.39.04.731,41.535,-0.100,-0.022,0.089
1620103144811,2021-05-03T21.39.04.811,41.615,-0.195,0.845,-0.444
1620103144892,2021-05-03T21.39.04.892,41.696,-0.138,1.963,-1.271
1620103144972,2021-05-03T21.39.04.972,41.776,-0.117,1.537,-1.191
1620103145053,2021-05-03T21.39.05.053,41.857,0.003,0.401,-0.245
1620103145133,2021-05-03T21.39.05.133,41.937,-0.069,-0.011,0.157
1620103145214,2021-05-03T21.39.05.214,42.018,-0.144,0.350,-0.009
1620103145295,2021-05-03T21.39.05.295,42.099,-0.261,1.354,-0.898
1620103145375,2021-05-03T21.39.05.375,42.179,-0.263,1.893,-1.515
1620103145456,2021-05-03T21.39.05.456,42.260,-0.027,0.798,-0.680
1620103145535,2021-05-03T21.39.05.535,42.339,-0.079,0.037,0.140
1620103145615,2021-05-03T21.39.05.615,42.419,-0.121,0.102,0.135
1620103145696,2021-05-03T21.39.05.696,42.500,-0.320,1.103,-0.536
1620103145776,2021-05-03T21.39.05.776,42.580,-0.254,2.042,-1.295
1620103145857,2021-05-03T21.39.05.857,42.661,-0.148,1.220,-0.875
1620103145938,2021-05-03T21.39.05.938,42.742,-0.109,0.171,-0.004
1620103146018,2021-05-03T21.39.06.018,42.822,-0.153,0.059,0.130
1620103146099,2021-05-03T21.39.06.099,42.903,-0.155,0.590,-0.303
1620103146179,2021-05-03T21.39.06.179,42.983,-0.235,1.687,-1.183
1620103146260,2021-05-03T21.39.06.260,43.064,-0.189,1.553,-1.341
1620103146340,2021-05-03T21.39.06.340,43.144,-0.056,0.725,-0.578
1620103146421,2021-05-03T21.39.06.421,43.225,-0.010,-0.068,0.080
1620103146502,2021-05-03T21.39.06.502,43.306,-0.073,0.093,0.004
1620103146582,2021-05-03T21.39.06.582,43.386,-0.218,0.983,-0.671
1620103146663,2021-05-03T21.39.06.663,43.467,-0.272,1.934,-1.479
1620103146743,2021-05-03T21.39.06.743,43.547,-0.002,1.298,-1.033
1620103146824,2021-05-03T21.39.06.824,43.628,0.915,0.131,-0.253
1620103146904,2021-05-03T21.39.06.904,43.708,-0.011,-0.869,-1.021
1620103146985,2021-05-03T21.39.06.985,43.789,-1.840,0.128,-0.924
1620103147064,2021-05-03T21.39.07.064,43.868,-0.219,1.210,-1.276
1620103147145,2021-05-03T21.39.07.145,43.949,0.165,1.605,-1.673
1620103147225,2021-05-03T21.39.07.225,44.029,-0.074,0.748,-0.935
1620103147306,2021-05-03T21.39.07.306,44.110,0.054,0.023,-0.066
1620103147386,2021-05-03T21.39.07.386,44.190,0.123,-0.171,0.029
1620103147467,2021-05-03T21.39.07.467,44.271,-0.047,0.351,-0.470
1620103147547,2021-05-03T21.39.07.547,44.351,-0.419,1.664,-1.413
1620103147628,2021-05-03T21.39.07.628,44.432,-0.267,1.662,-1.580
1620103147709,2021-05-03T21.39.07.709,44.513,-0.065,0.707,-0.520
1620103147789,2021-05-03T21.39.07.789,44.593,-0.102,-0.072,0.286
1620103147870,2021-05-03T21.39.07.870,44.674,-0.147,0.185,0.161
1620103147950,2021-05-03T21.39.07.950,44.754,-0.104,0.967,-0.884
1620103148031,2021-05-03T21.39.08.031,44.835,-0.087,2.369,-2.267
1620103148111,2021-05-03T21.39.08.111,44.915,-0.138,0.376,-0.609
1620103148192,2021-05-03T21.39.08.192,44.996,-0.068,-0.280,0.164
1620103148273,2021-05-03T21.39.08.273,45.077,-0.095,0.354,-0.055
1620103148353,2021-05-03T21.39.08.353,45.157,-0.221,0.881,-0.783
1620103148434,2021-05-03T21.39.08.434,45.238,-0.120,2.028,-1.803
1620103148514,2021-05-03T21.39.08.514,45.318,-0.174,1.040,-1.103
1620103148593,2021-05-03T21.39.08.593,45.397,-0.146,-0.086,-0.056
1620103148674,2021-05-03T21.39.08.674,45.478,-0.057,-0.145,0.071
1620103148754,2021-05-03T21.39.08.754,45.558,-0.083,0.500,-0.467
1620103148835,2021-05-03T21.39.08.835,45.639,-0.164,1.777,-1.601
1620103148916,2021-05-03T21.39.08.916,45.720,-0.121,1.335,-1.307
1620103148996,2021-05-03T21.39.08.996,45.800,-0.133,0.122,-0.111
1620103149077,2021-05-03T21.39.09.077,45.881,-0.111,0.091,0.096
1620103149157,2021-05-03T21.39.09.157,45.961,-0.150,0.642,-0.382
1620103149238,2021-05-03T21.39.09.238,46.042,-0.238,1.768,-1.352
1620103149318,2021-05-03T21.39.09.318,46.122,-0.241,1.540,-1.350
1620103149399,2021-05-03T21.39.09.399,46.203,-0.152,0.385,-0.299
1620103149480,2021-05-03T21.39.09.480,46.284,-0.041,-0.137,0.137
1620103149560,2021-05-03T21.39.09.560,46.364,-0.068,0.310,-0.146
1620103149641,2021-05-03T21.39.09.641,46.445,-0.205,1.530,-1.254
1620103149721,2021-05-03T21.39.09.721,46.525,-0.160,1.675,-1.465
1620103149802,2021-05-03T21.39.09.802,46.606,-0.174,0.229,-0.286
1620103149882,2021-05-03T21.39.09.882,46.686,-0.204,-0.037,0.083
1620103149963,2021-05-03T21.39.09.963,46.767,-0.167,0.642,-0.232
1620103150044,2021-05-03T21.39.10.044,46.848,-0.086,1.533,-1.062
1620103150123,2021-05-03T21.39.10.123,46.927,-0.120,1.478,-1.410
1620103150203,2021-05-03T21.39.10.203,47.007,-0.141,0.381,-0.506
1620103150284,2021-05-03T21.39.10.284,47.088,-0.163,0.050,0.074
1620103150364,2021-05-03T21.39.10.364,47.168,-0.196,0.455,-0.053
1620103150445,2021-05-03T21.39.10.445,47.249,-0.277,1.272,-0.826
1620103150525,2021-05-03T21.39.10.525,47.329,-0.233,1.889,-1.405
1620103150606,2021-05-03T21.39.10.606,47.410,-0.274,0.997,-0.820
1620103150687,2021-05-03T21.39.10.687,47.491,-0.199,0.175,-0.051
1620103150767,2021-05-03T21.39.10.767,47.571,-0.160,0.033,-0.008
1620103150848,2021-05-03T21.39.10.848,47.652,-0.231,0.812,-0.794
1620103150928,2021-05-03T21.39.10.928,47.732,0.107,1.518,-1.163
1620103151009,2021-05-03T21.39.11.009,47.813,-0.020,0.854,-0.538
1620103151089,2021-05-03T21.39.11.089,47.893,-0.017,0.603,-0.217
1620103151170,2021-05-03T21.39.11.170,47.974,0.013,0.913,-0.412
1620103151251,2021-05-03T21.39.11.251,48.055,0.051,1.061,-0.562
1620103151331,2021-05-03T21.39.11.331,48.135,0.021,0.893,-0.477
1620103151412,2021-05-03T21.39.11.412,48.216,-0.038,0.754,-0.412
1620103151492,2021-05-03T21.39.11.492,48.296,-0.121,0.893,-0.585
1620103151571,2021-05-03T21.39.11.571,48.375,-0.144,0.854,-0.540
1620103151652,2021-05-03T21.39.11.652,48.456,-0.075,0.638,-0.470
1620103151732,2021-05-03T21.39.11.732,48.536,-0.011,0.637,-0.567
1620103151813,2021-05-03T21.39.11.813,48.617,-0.257,0.692,-0.775
1620103151894,2021-05-03T21.39.11.894,48.698,-0.742,0.582,-0.835
1620103151974,2021-05-03T21.39.11.974,48.778,-0.774,0.416,-0.826
1620103152055,2021-05-03T21.39.12.055,48.859,-0.655,0.460,-0.861
1620103152135,2021-05-03T21.39.12.135,48.939,-0.658,0.437,-0.838
1620103152216,2021-05-03T21.39.12.216,49.020,-0.635,0.409,-0.811
1620103152296,2021-05-03T21.39.12.296,49.100,-0.500,0.538,-0.799
1620103152377,2021-05-03T21.39.12.377,49.181,-0.320,0.547,-0.743
1620103152458,2021-05-03T21.39.12.458,49.262,-0.200,0.483,-0.727
1620103152538,2021-05-03T21.39.12.538,49.342,-0.121,0.423,-0.782
1620103152619,2021-05-03T21.39.12.619,49.423,-0.028,0.546,-0.833
1620103152699,2021-05-03T21.39.12.699,49.503,0.124,0.764,-0.845
1620103152780,2021-05-03T21.39.12.780,49.584,0.233,0.781,-0.775
1620103152860,2021-05-03T21.39.12.860,49.664,0.146,0.611,-0.622
1620103152941,2021-05-03T21.39.12.941,49.745,0.178,0.570,-0.583
1620103153022,2021-05-03T21.39.13.022,49.826,0.277,0.760,-0.623
1620103153101,2021-05-03T21.39.13.101,49.905,0.309,1.016,-0.516
1620103153181,2021-05-03T21.39.13.181,49.985,0.285,1.008,-0.139
1620103153262,2021-05-03T21.39.13.262,50.066,0.244,1.108,0.016
1620103153342,2021-05-03T21.39.13.342,50.146,0.255,1.074,-0.036
1620103153423,2021-05-03T21.39.13.423,50.227,0.243,1.014,-0.160
1620103153503,2021-05-03T21.39.13.503,50.307,0.202,0.985,-0.283
1620103153584,2021-05-03T21.39.13.584,50.388,0.161,0.877,-0.352
1620103153665,2021-05-03T21.39.13.665,50.469,0.104,0.827,-0.438
1620103153745,2021-05-03T21.39.13.745,50.549,0.075,0.813,-0.520
1620103153826,2021-05-03T21.39.13.826,50.630,0.041,0.824,-0.575
1620103153906,2021-05-03T21.39.13.906,50.710,-0.017,0.806,-0.574
1620103153987,2021-05-03T21.39.13.987,50.791,-0.021,0.794,-0.566
1620103154067,2021-05-03T21.39.14.067,50.871,-0.007,0.806,-0.563
1620103154148,2021-05-03T21.39.14.148,50.952,-0.094,0.822,-0.560
1620103154229,2021-05-03T21.39.14.229,51.033,-0.228,0.813,-0.521
1620103154309,2021-05-03T21.39.14.309,51.113,-0.377,0.924,-0.433
1620103154390,2021-05-03T21.39.14.390,51.194,-0.319,0.971,-0.221
1620103154470,2021-05-03T21.39.14.470,51.274,-0.182,0.905,-0.130
1620103154549,2021-05-03T21.39.14.549,51.353,-0.128,0.847,-0.253
1620103154630,2021-05-03T21.39.14.630,51.434,-0.129,0.727,-0.364
1620103154711,2021-05-03T21.39.14.711,51.515,-0.090,0.762,-0.571
1620103154791,2021-05-03T21.39.14.791,51.595,-0.023,1.145,-0.935
1620103154872,2021-05-03T21.39.14.872,51.676,-0.113,0.729,-0.677
1620103154952,2021-05-03T21.39.14.952,51.756,-0.050,0.321,-0.546
1620103155033,2021-05-03T21.39.15.033,51.837,-0.087,0.427,-0.692
1620103155113,2021-05-03T21.39.15.113,51.917,-0.097,0.772,-1.045
1620103155194,2021-05-03T21.39.15.194,51.998,0.031,1.006,-1.326
1620103155274,2021-05-03T21.39.15.274,52.078,0.017,0.763,-0.980
1620103155355,2021-05-03T21.39.15.355,52.159,-0.018,0.395,-0.477
1620103155436,2021-05-03T21.39.15.436,52.240,-0.050,0.391,-0.572
1620103155516,2021-05-03T21.39.15.516,52.320,-0.067,0.508,-0.599
1620103155597,2021-05-03T21.39.15.597,52.401,-0.109,0.891,-0.950
1620103155677,2021-05-03T21.39.15.677,52.481,-0.115,1.119,-1.048
1620103155758,2021-05-03T21.39.15.758,52.562,-0.051,0.494,-0.532
1620103155838,2021-05-03T21.39.15.838,52.642,0.002,0.269,-0.493
1620103155919,2021-05-03T21.39.15.919,52.723,-0.183,0.613,-0.689
1620103155998,2021-05-03T21.39.15.998,52.802,-0.254,1.042,-1.074
1620103156079,2021-05-03T21.39.16.079,52.883,-0.158,1.064,-0.994
1620103156159,2021-05-03T21.39.16.159,52.963,-0.080,0.531,-0.450
1620103156240,2021-05-03T21.39.16.240,53.044,-0.084,0.456,-0.403
1620103156320,2021-05-03T21.39.16.320,53.124,-0.170,0.592,-0.483
1620103156401,2021-05-03T21.39.16.401,53.205,-0.221,1.027,-0.748
1620103156482,2021-05-03T21.39.16.482,53.286,-0.165,1.267,-0.926
1620103156562,2021-05-03T21.39.16.562,53.366,-0.065,0.747,-0.537
1620103156643,2021-05-03T21.39.16.643,53.447,-0.076,0.475,-0.400
1620103156723,2021-05-03T21.39.16.723,53.527,-0.126,0.660,-0.493
1620103156804,2021-05-03T21.39.16.804,53.608,-0.179,0.876,-0.473
1620103156884,2021-05-03T21.39.16.884,53.688,-0.194,1.408,-0.465
1620103156965,2021-05-03T21.39.16.965,53.769,-0.031,0.493,-0.156
1620103157045,2021-05-03T21.39.17.045,53.849,0.024,-0.229,-0.851
1620103157126,2021-05-03T21.39.17.126,53.930,0.054,0.505,-1.596
1620103157207,2021-05-03T21.39.17.207,54.011,-0.043,0.333,-1.284
1620103157287,2021-05-03T21.39.17.287,54.091,-0.143,0.860,-1.278
1620103157368,2021-05-03T21.39.17.368,54.172,-0.034,0.909,-1.019
1620103157448,2021-05-03T21.39.17.448,54.252,-0.034,0.143,-0.345
1620103157529,2021-05-03T21.39.17.529,54.333,-0.028,0.553,-0.140
1620103157609,2021-05-03T21.39.17.609,54.413,-0.022,1.022,-0.461
1620103157689,2021-05-03T21.39.17.689,54.493,-0.056,1.168,-0.605
1620103157769,2021-05-03T21.39.17.769,54.573,-0.119,0.656,-0.391
1620103157850,2021-05-03T21.39.17.850,54.654,-0.092,0.494,-0.302
1620103157930,2021-05-03T21.39.17.930,54.734,-0.187,0.953,-0.501
1620103158011,2021-05-03T21.39.18.011,54.815,-0.154,1.496,-0.877
1620103158091,2021-05-03T21.39.18.091,54.895,-0.101,1.005,-0.590
1620103158172,2021-05-03T21.39.18.172,54.976,-0.074,0.370,-0.252
1620103158253,2021-05-03T21.39.18.253,55.057,-0.097,0.596,-0.377
1620103158333,2021-05-03T21.39.18.333,55.137,-0.148,1.103,-0.612
1620103158414,2021-05-03T21.39.18.414,55.218,-0.146,1.215,-0.739
1620103158494,2021-05-03T21.39.18.494,55.298,-0.097,0.583,-0.418
1620103158575,2021-05-03T21.39.18.575,55.379,-0.098,0.549,-0.459
1620103158655,2021-05-03T21.39.18.655,55.459,-0.136,0.737,-0.619
1620103158736,2021-05-03T21.39.18.736,55.540,-0.163,0.776,-0.719
1620103158816,2021-05-03T21.39.18.816,55.620,-0.131,1.060,-0.997
1620103158897,2021-05-03T21.39.18.897,55.701,-0.076,0.870,-0.871
1620103158978,2021-05-03T21.39.18.978,55.782,-0.067,0.429,-0.544
1620103159058,2021-05-03T21.39.19.058,55.862,-0.109,0.546,-0.631
1620103159139,2021-05-03T21.39.19.139,55.943,-0.169,1.063,-0.779
1620103159218,2021-05-03T21.39.19.218,56.022,-0.229,0.869,0.103
1620103159298,2021-05-03T21.39.19.298,56.102,-0.281,0.732,1.191
1620103159379,2021-05-03T21.39.19.379,56.183,-0.134,0.613,0.189
1620103159460,2021-05-03T21.39.19.460,56.264,-0.116,0.626,-0.352
1620103159540,2021-05-03T21.39.19.540,56.344,-0.200,0.917,-0.504
1620103159621,2021-05-03T21.39.19.621,56.425,-0.110,1.128,-0.860
1620103159701,2021-05-03T21.39.19.701,56.505,-0.008,1.147,-0.919
1620103159782,2021-05-03T21.39.19.782,56.586,-0.010,0.536,-0.416
1620103159862,2021-05-03T21.39.19.862,56.666,-0.045,0.519,-0.413
1620103159943,2021-05-03T21.39.19.943,56.747,-0.118,0.642,-0.426
1620103160024,2021-05-03T21.39.20.024,56.828,-0.091,0.963,-0.693
1620103160104,2021-05-03T21.39.20.104,56.908,-0.039,1.431,-1.107
1620103160185,2021-05-03T21.39.20.185,56.989,0.015,0.696,-0.542
1620103160265,2021-05-03T21.39.20.265,57.069,-0.028,0.322,-0.276
1620103160346,2021-05-03T21.39.20.346,57.150,-0.133,0.740,-0.564
1620103160426,2021-05-03T21.39.20.426,57.230,-0.008,0.847,-0.678
1620103160507,2021-05-03T21.39.20.507,57.311,-0.154,0.685,-0.482
1620103160587,2021-05-03T21.39.20.587,57.391,-0.433,0.904,-0.602
1620103160668,2021-05-03T21.39.20.668,57.472,-0.436,1.380,-0.984
1620103160749,2021-05-03T21.39.20.749,57.553,-0.265,0.803,-0.536
1620103160828,2021-05-03T21.39.20.828,57.632,-0.260,0.300,-0.259
1620103160908,2021-05-03T21.39.20.908,57.712,-0.331,0.480,-0.427
1620103160989,2021-05-03T21.39.20.989,57.793,-0.381,1.061,-0.697
1620103161069,2021-05-03T21.39.21.069,57.873,-0.381,1.220,-0.899
1620103161150,2021-05-03T21.39.21.150,57.954,-0.165,0.783,-0.488
1620103161231,2021-05-03T21.39.21.231,58.035,-0.146,0.356,-0.273
1620103161311,2021-05-03T21.39.21.311,58.115,-0.233,0.523,-0.440
1620103161392,2021-05-03T21.39.21.392,58.196,-0.241,1.128,-0.663
1620103161472,2021-05-03T21.39.21.472,58.276,-0.134,1.261,-0.875
1620103161553,2021-05-03T21.39.21.553,58.357,-0.072,0.833,-0.605
1620103161633,2021-05-03T21.39.21.633,58.437,-0.093,0.502,-0.376
1620103161714,2021-05-03T21.39.21.714,58.518,-0.134,0.618,-0.430
1620103161795,2021-05-03T21.39.21.795,58.599,-0.210,0.882,-0.516
1620103161875,2021-05-03T21.39.21.875,58.679,-0.221,1.168,-0.849
1620103161956,2021-05-03T21.39.21.956,58.760,-0.126,0.915,-0.727
1620103162036,2021-05-03T21.39.22.036,58.840,-0.104,0.501,-0.412
1620103162117,2021-05-03T21.39.22.117,58.921,-0.237,0.687,-0.487
1620103162197,2021-05-03T21.39.22.197,59.001,-0.285,0.876,-0.495
1620103162278,2021-05-03T21.39.22.278,59.082,-0.195,0.804,-0.506
1620103162358,2021-05-03T21.39.22.358,59.162,-0.150,1.080,-0.793
1620103162438,2021-05-03T21.39.22.438,59.242,-0.132,0.938,-0.724
1620103162518,2021-05-03T21.39.22.518,59.322,-0.122,0.512,-0.411
1620103162599,2021-05-03T21.39.22.599,59.403,-0.159,0.513,-0.445
1620103162679,2021-05-03T21.39.22.679,59.483,-0.398,0.838,-0.661
1620103162760,2021-05-03T21.39.22.760,59.564,-1.083,0.858,-1.163
1620103162840,2021-05-03T21.39.22.840,59.644,-0.062,0.490,-1.127
1620103162921,2021-05-03T21.39.22.921,59.725,0.936,0.672,-0.360
1620103163002,2021-05-03T21.39.23.002,59.806,0.088,0.890,-0.506
1620103163082,2021-05-03T21.39.23.082,59.886,-0.083,1.040,-0.848
1620103163163,2021-05-03T21.39.23.163,59.967,-0.146,0.997,-0.855
1620103163243,2021-05-03T21.39.23.243,60.047,-0.211,0.708,-0.439
1620103163324,2021-05-03T21.39.23.324,60.128,-0.160,0.573,-0.335
1620103163404,2021-05-03T21.39.23.404,60.208,-0.167,0.587,-0.336
1620103163485,2021-05-03T21.39.23.485,60.289,-0.173,0.856,-0.559
1620103163565,2021-05-03T21.39.23.565,60.369,-0.199,1.438,-1.009
1620103163646,2021-05-03T21.39.23.646,60.450,-0.086,1.065,-0.716
1620103163727,2021-05-03T21.39.23.727,60.531,-0.071,0.391,-0.244
1620103163807,2021-05-03T21.39.23.807,60.611,-0.139,0.575,-0.369
1620103163888,2021-05-03T21.39.23.888,60.692,-0.182,0.670,-0.354
1620103163968,2021-05-03T21.39.23.968,60.772,-0.171,1.054,-0.663
1620103164047,2021-05-03T21.39.24.047,60.851,-0.164,1.400,-0.978
1620103164128,2021-05-03T21.39.24.128,60.932,-0.123,0.896,-0.611
1620103164209,2021-05-03T21.39.24.209,61.013,-0.098,0.373,-0.324
1620103164289,2021-05-03T21.39.24.289,61.093,-0.159,0.733,-0.607
1620103164370,2021-05-03T21.39.24.370,61.174,-0.267,0.883,-0.656
1620103164450,2021-05-03T21.39.24.450,61.254,-0.274,0.739,-0.611
1620103164531,2021-05-03T21.39.24.531,61.335,-0.285,0.766,-0.587
1620103164611,2021-05-03T21.39.24.611,61.415,-0.165,0.741,-0.615
1620103164692,2021-05-03T21.39.24.692,61.496,-0.045,0.744,-0.612
1620103164773,2021-05-03T21.39.24.773,61.577,-0.027,0.746,-0.589
1620103164853,2021-05-03T21.39.24.853,61.657,0.171,0.711,-0.521
1620103164934,2021-05-03T21.39.24.934,61.738,0.500,0.661,-0.437
1620103165014,2021-05-03T21.39.25.014,61.818,0.726,0.669,-0.402
1620103165095,2021-05-03T21.39.25.095,61.899,0.759,0.658,-0.375
1620103165175,2021-05-03T21.39.25.175,61.979,0.749,0.646,-0.331
1620103165256,2021-05-03T21.39.25.256,62.060,0.823,0.640,-0.294
1620103165336,2021-05-03T21.39.25.336,62.140,0.843,0.646,-0.293
1620103165417,2021-05-03T21.39.25.417,62.221,0.767,0.677,-0.312
1620103165498,2021-05-03T21.39.25.498,62.302,0.688,0.686,-0.323
1620103165578,2021-05-03T21.39.25.578,62.382,0.631,0.700,-0.360
1620103165657,2021-05-03T21.39.25.657,62.461,0.601,0.730,-0.429
1620103165738,2021-05-03T21.39.25.738,62.542,0.559,0.729,-0.479
1620103165818,2021-05-03T21.39.25.818,62.622,0.401,0.693,-0.515
1620103165899,2021-05-03T21.39.25.899,62.703,0.231,0.715,-0.517
1620103165980,2021-05-03T21.39.25.980,62.784,0.175,0.788,-0.516
1620103166060,2021-05-03T21.39.26.060,62.864,0.050,0.906,-0.536
1620103166141,2021-05-03T21.39.26.141,62.945,-0.165,0.926,-0.386
1620103166221,2021-05-03T21.39.26.221,63.025,-0.264,0.950,-0.380
1620103166302,2021-05-03T21.39.26.302,63.106,-0.268,0.958,-0.442
1620103166382,2021-05-03T21.39.26.382,63.186,-0.232,0.793,-0.421
1620103166463,2021-05-03T21.39.26.463,63.267,-0.249,0.769,-0.443
1620103166544,2021-05-03T21.39.26.544,63.348,-0.305,0.868,-0.522
1620103166624,2021-05-03T21.39.26.624,63.428,-0.299,0.834,-0.552
1620103166705,2021-05-03T21.39.26.705,63.509,-0.246,0.797,-0.507
1620103166785,2021-05-03T21.39.26.785,63.589,-0.224,0.790,-0.438
1620103166866,2021-05-03T21.39.26.866,63.670,-0.161,1.049,-0.526
1620103166946,2021-05-03T21.39.26.946,63.750,-0.103,1.065,-0.503
1620103167027,2021-05-03T21.39.27.027,63.831,-0.062,0.708,-0.360
1620103167107,2021-05-03T21.39.27.107,63.911,-0.068,0.907,-0.420
1620103167187,2021-05-03T21.39.27.187,63.991,-0.114,0.976,-0.325
1620103167267,2021-05-03T21.39.27.267,64.071,-0.034,0.955,-0.145
1620103167348,2021-05-03T21.39.27.348,64.152,-0.030,1.070,-0.038
1620103167428,2021-05-03T21.39.27.428,64.232,-0.135,1.114,0.041
1620103167509,2021-05-03T21.39.27.509,64.313,-0.159,1.018,0.107
1620103167589,2021-05-03T21.39.27.589,64.393,-0.126,0.985,0.032
1620103167670,2021-05-03T21.39.27.670,64.474,-0.170,0.958,-0.118
1620103167751,2021-05-03T21.39.27.751,64.555,-0.147,0.923,-0.267
1620103167831,2021-05-03T21.39.27.831,64.635,-0.065,0.931,-0.420
1620103167912,2021-05-03T21.39.27.912,64.716,-0.032,0.929,-0.548
1620103167992,2021-05-03T21.39.27.992,64.796,-0.033,0.805,-0.451
1620103168073,2021-05-03T21.39.28.073,64.877,-0.112,0.903,-0.340
1620103168153,2021-05-03T21.39.28.153,64.957,-0.147,1.100,-0.337
1620103168234,2021-05-03T21.39.28.234,65.038,-0.127,0.958,-0.258
1620103168315,2021-05-03T21.39.28.315,65.119,-0.076,0.937,-0.236
1620103168395,2021-05-03T21.39.28.395,65.199,-0.109,0.989,-0.215
1620103168476,2021-05-03T21.39.28.476,65.280,-0.103,0.908,-0.143
1620103168556,2021-05-03T21.39.28.556,65.360,-0.055,0.919,-0.104
1620103168637,2021-05-03T21.39.28.637,65.441,-0.049,1.021,-0.094
1620103168716,2021-05-03T21.39.28.716,65.520,-0.089,1.149,-0.163
1620103168796,2021-05-03T21.39.28.796,65.600,-0.032,0.886,-0.147
1620103168877,2021-05-03T21.39.28.877,65.681,0.018,1.014,-0.241
1620103168958,2021-05-03T21.39.28.958,65.762,0.020,1.067,-0.246
1620103169038,2021-05-03T21.39.29.038,65.842,0.031,0.842,-0.265
1620103169119,2021-05-03T21.39.29.119,65.923,0.012,0.878,-0.319
1620103169199,2021-05-03T21.39.29.199,66.003,0.048,0.992,-0.340
1620103169280,2021-05-03T21.39.29.280,66.084,0.186,1.061,-0.272
1620103169360,2021-05-03T21.39.29.360,66.164,0.504,0.912,-0.339
1620103169441,2021-05-03T21.39.29.441,66.245,-0.050,0.475,-1.014
1620103169522,2021-05-03T21.39.29.522,66.326,-1.825,0.496,-0.772
1620103169602,2021-05-03T21.39.29.602,66.406,-0.858,0.673,-0.395
1620103169683,2021-05-03T21.39.29.683,66.487,-0.397,0.750,-0.691
1620103169763,2021-05-03T21.39.29.763,66.567,-0.308,0.709,-0.709
1620103169844,2021-05-03T21.39.29.844,66.648,-0.077,0.705,-0.649
1620103169924,2021-05-03T21.39.29.924,66.728,0.070,0.883,-0.562
1620103170005,2021-05-03T21.39.30.005,66.809,-0.052,0.838,-0.457
1620103170086,2021-05-03T21.39.30.086,66.890,-0.184,0.844,-0.537
1620103170165,2021-05-03T21.39.30.165,66.969,-0.140,0.893,-0.616
1620103170245,2021-05-03T21.39.30.245,67.049,-0.085,0.721,-0.570
1620103170326,2021-05-03T21.39.30.326,67.130,-0.020,0.810,-0.572
1620103170406,2021-05-03T21.39.30.406,67.210,-0.033,1.006,-0.699
1620103170487,2021-05-03T21.39.30.487,67.291,-0.062,0.830,-0.515
1620103170567,2021-05-03T21.39.30.567,67.371,-0.091,0.787,-0.465
1620103170648,2021-05-03T21.39.30.648,67.452,-0.175,0.911,-0.524
1620103170729,2021-05-03T21.39.30.729,67.533,-0.163,0.857,-0.473
1620103170809,2021-05-03T21.39.30.809,67.613,-0.184,0.819,-0.484
1620103170890,2021-05-03T21.39.30.890,67.694,-0.204,0.791,-0.535
1620103170970,2021-05-03T21.39.30.970,67.774,-0.146,0.805,-0.616
1620103171051,2021-05-03T21.39.31.051,67.855,-0.057,0.863,-0.643
1620103171131,2021-05-03T21.39.31.131,67.935,-0.049,0.810,-0.601
1620103171212,2021-05-03T21.39.31.212,68.016,-0.051,0.810,-0.612
1620103171293,2021-05-03T21.39.31.293,68.097,0.034,0.812,-0.631
1620103171373,2021-05-03T21.39.31.373,68.177,0.122,0.734,-0.611
1620103171454,2021-05-03T21.39.31.454,68.258,0.091,0.812,-0.659
1620103171534,2021-05-03T21.39.31.534,68.338,0.099,0.789,-0.658
1620103171615,2021-05-03T21.39.31.615,68.419,0.038,0.822,-0.645
1620103171694,2021-05-03T21.39.31.694,68.498,0.086,0.858,-0.638
1620103171774,2021-05-03T21.39.31.774,68.578,0.136,0.834,-0.595
1620103171855,2021-05-03T21.39.31.855,68.659,0.059,0.799,-0.543
1620103171936,2021-05-03T21.39.31.936,68.740,0.103,0.778,-0.503
1620103172016,2021-05-03T21.39.32.016,68.820,0.148,0.776,-0.468
1620103172097,2021-05-03T21.39.32.097,68.901,0.193,0.848,-0.502
1620103172177,2021-05-03T21.39.32.177,68.981,0.217,0.985,-0.571
1620103172258,2021-05-03T21.39.32.258,69.062,0.214,0.867,-0.514
1620103172338,2021-05-03T21.39.32.338,69.142,0.188,0.799,-0.497
1620103172419,2021-05-03T21.39.32.419,69.223,0.165,0.869,-0.545
1620103172500,2021-05-03T21.39.32.500,69.304,0.119,0.809,-0.522
1620103172580,2021-05-03T21.39.32.580,69.384,0.108,0.729,-0.477
1620103172661,2021-05-03T21.39.32.661,69.465,0.201,0.690,-0.485
1620103172741,2021-05-03T21.39.32.741,69.545,0.284,0.746,-0.636
1620103172822,2021-05-03T21.39.32.822,69.626,0.201,0.886,-0.851
1620103172902,2021-05-03T21.39.32.902,69.706,0.014,0.626,-0.746
1620103172983,2021-05-03T21.39.32.983,69.787,-0.335,0.480,-0.661
1620103173064,2021-05-03T21.39.33.064,69.868,-0.510,0.505,-0.620
1620103173144,2021-05-03T21.39.33.144,69.948,-0.639,0.403,-0.569
1620103173223,2021-05-03T21.39.33.223,70.027,-0.802,0.241,-0.574
1620103173304,2021-05-03T21.39.33.304,70.108,-0.840,0.431,-0.567
1620103173384,2021-05-03T21.39.33.384,70.188,-0.847,0.677,-0.570
1620103173465,2021-05-03T21.39.33.465,70.269,-0.974,0.875,-0.532
1620103173545,2021-05-03T21.39.33.545,70.349,-1.045,0.934,-0.402
1620103173626,2021-05-03T21.39.33.626,70.430,-0.675,-0.664,0.964
1620103173707,2021-05-03T21.39.33.707,70.511,-0.276,-0.181,2.160
1620103173787,2021-05-03T21.39.33.787,70.591,-0.322,0.253,0.870
1620103173868,2021-05-03T21.39.33.868,70.672,-0.182,0.490,-0.144
1620103173948,2021-05-03T21.39.33.948,70.752,-0.180,0.846,-0.516
1620103174029,2021-05-03T21.39.34.029,70.833,-0.196,0.807,-0.671
1620103174109,2021-05-03T21.39.34.109,70.913,-0.214,0.803,-0.729
1620103174190,2021-05-03T21.39.34.190,70.994,-0.177,0.787,-0.668
1620103174271,2021-05-03T21.39.34.271,71.075,-0.208,0.803,-0.625
1620103174351,2021-05-03T21.39.34.351,71.155,-0.200,0.681,-0.546
1620103174432,2021-05-03T21.39.34.432,71.236,-0.199,0.609,-0.516
1620103174512,2021-05-03T21.39.34.512,71.316,-0.230,0.592,-0.681
1620103174593,2021-05-03T21.39.34.593,71.397,-0.210,0.876,-0.916
1620103174673,2021-05-03T21.39.34.673,71.477,-0.161,0.981,-0.912
1620103174754,2021-05-03T21.39.34.754,71.558,-0.028,0.674,-0.646
1620103174835,2021-05-03T21.39.34.835,71.639,0.051,0.531,-0.480
1620103174914,2021-05-03T21.39.34.914,71.718,-0.014,0.650,-0.560
1620103174994,2021-05-03T21.39.34.994,71.798,0.021,0.792,-0.683
1620103175075,2021-05-03T21.39.35.075,71.879,0.211,0.717,-0.752
1620103175155,2021-05-03T21.39.35.155,71.959,0.136,0.632,-0.757
1620103175236,2021-05-03T21.39.35.236,72.040,0.094,0.562,-0.824
1620103175316,2021-05-03T21.39.35.316,72.120,0.097,0.625,-0.900
1620103175397,2021-05-03T21.39.35.397,72.201,0.060,0.679,-0.922
1620103175478,2021-05-03T21.39.35.478,72.282,0.017,0.596,-0.838
1620103175558,2021-05-03T21.39.35.558,72.362,0.007,0.508,-0.761
1620103175639,2021-05-03T21.39.35.639,72.443,-0.036,0.578,-0.808
1620103175719,2021-05-03T21.39.35.719,72.523,-0.064,0.616,-0.820
1620103175800,2021-05-03T21.39.35.800,72.604,-0.030,0.589,-0.768
1620103175880,2021-05-03T21.39.35.880,72.684,-0.072,0.585,-0.818
1620103175961,2021-05-03T21.39.35.961,72.765,-0.099,0.571,-0.986
1620103176042,2021-05-03T21.39.36.042,72.846,-0.021,0.588,-0.983
1620103176122,2021-05-03T21.39.36.122,72.926,0.119,0.423,-0.740
1620103176203,2021-05-03T21.39.36.203,73.007,0.226,0.620,-0.731
1620103176283,2021-05-03T21.39.36.283,73.087,0.365,0.551,-0.684
1620103176364,2021-05-03T21.39.36.364,73.168,0.365,0.438,-0.644
1620103176444,2021-05-03T21.39.36.444,73.248,0.654,0.645,-0.748
1620103176525,2021-05-03T21.39.36.525,73.329,1.012,0.829,-0.798
1620103176604,2021-05-03T21.39.36.604,73.408,0.763,0.834,-0.718
1620103176685,2021-05-03T21.39.36.685,73.489,0.449,0.764,-0.619
1620103176765,2021-05-03T21.39.36.765,73.569,0.378,0.715,-0.592
1620103176846,2021-05-03T21.39.36.846,73.650,0.315,0.683,-0.576
1620103176926,2021-05-03T21.39.36.926,73.730,0.236,0.672,-0.567
1620103177007,2021-05-03T21.39.37.007,73.811,0.152,0.753,-0.569
1620103177087,2021-05-03T21.39.37.087,73.891,0.011,0.722,-0.574
1620103177168,2021-05-03T21.39.37.168,73.972,-0.139,0.618,-0.472
1620103177249,2021-05-03T21.39.37.249,74.053,-0.282,0.381,-0.335
1620103177329,2021-05-03T21.39.37.329,74.133,-0.665,0.937,-0.839
1620103177410,2021-05-03T21.39.37.410,74.214,-0.724,0.821,-0.912
1620103177490,2021-05-03T21.39.37.490,74.294,-0.403,0.276,-0.629
1620103177571,2021-05-03T21.39.37.571,74.375,-0.514,0.521,-0.661
1620103177651,2021-05-03T21.39.37.651,74.455,-0.605,0.969,-0.880
1620103177732,2021-05-03T21.39.37.732,74.536,-0.208,0.956,-0.658
1620103177813,2021-05-03T21.39.37.813,74.617,0.129,0.743,-0.341
1620103177893,2021-05-03T21.39.37.893,74.697,-0.001,0.898,-0.358
1620103177974,2021-05-03T21.39.37.974,74.778,-0.109,0.843,-0.407
1620103178054,2021-05-03T21.39.38.054,74.858,-0.024,0.761,-0.553
1620103178135,2021-05-03T21.39.38.135,74.939,0.106,0.888,-0.655
1620103178215,2021-05-03T21.39.38.215,75.019,0.190,0.843,-0.537
1620103178295,2021-05-03T21.39.38.295,75.099,0.094,0.944,-0.476
1620103178375,2021-05-03T21.39.38.375,75.179,-0.017,0.825,-0.540
1620103178456,2021-05-03T21.39.38.456,75.260,0.095,0.708,-0.613
1620103178536,2021-05-03T21.39.38.536,75.340,0.016,0.777,-0.768
1620103178617,2021-05-03T21.39.38.617,75.421,-0.174,0.597,-0.827
1620103178697,2021-05-03T21.39.38.697,75.501,-0.206,0.506,-0.738
1620103178778,2021-05-03T21.39.38.778,75.582,-0.032,0.521,-0.646
1620103178858,2021-05-03T21.39.38.858,75.662,0.154,0.821,-0.680
1620103178939,2021-05-03T21.39.38.939,75.743,0.310,1.088,-0.717
1620103179020,2021-05-03T21.39.39.020,75.824,0.446,1.078,-0.563
1620103179100,2021-05-03T21.39.39.100,75.904,0.271,0.954,-0.356
1620103179181,2021-05-03T21.39.39.181,75.985,0.165,0.826,-0.381
1620103179261,2021-05-03T21.39.39.261,76.065,0.117,0.981,-0.409
1620103179342,2021-05-03T21.39.39.342,76.146,0.180,0.996,-0.371
1620103179422,2021-05-03T21.39.39.422,76.226,0.181,0.892,-0.404
1620103179503,2021-05-03T21.39.39.503,76.307,0.291,0.739,-0.496
1620103179584,2021-05-03T21.39.39.584,76.388,0.702,0.285,-0.685
1620103179664,2021-05-03T21.39.39.664,76.468,-0.209,0.270,-1.252
1620103179745,2021-05-03T21.39.39.745,76.549,-0.344,0.656,-1.105
1620103179825,2021-05-03T21.39.39.825,76.629,0.230,0.522,-0.846
1620103179904,2021-05-03T21.39.39.904,76.708,0.182,0.553,-0.886
1620103179985,2021-05-03T21.39.39.985,76.789,0.125,0.581,-0.847
1620103180065,2021-05-03T21.39.40.065,76.869,0.187,0.591,-0.776
1620103180146,2021-05-03T21.39.40.146,76.950,0.094,0.639,-0.718
1620103180227,2021-05-03T21.39.40.227,77.031,0.026,0.744,-0.751
1620103180307,2021-05-03T21.39.40.307,77.111,-0.045,0.772,-0.675
1620103180388,2021-05-03T21.39.40.388,77.192,0.014,0.709,-0.569
1620103180468,2021-05-03T21.39.40.468,77.272,0.098,0.578,-0.468
1620103180549,2021-05-03T21.39.40.549,77.353,0.036,0.708,-0.563
1620103180629,2021-05-03T21.39.40.629,77.433,-0.072,0.930,-0.826
1620103180710,2021-05-03T21.39.40.710,77.514,-0.071,1.306,-1.122
1620103180791,2021-05-03T21.39.40.791,77.595,-0.131,0.726,-0.631
1620103180871,2021-05-03T21.39.40.871,77.675,-0.043,0.211,-0.436
1620103180952,2021-05-03T21.39.40.952,77.756,-0.025,0.692,-0.866
1620103181032,2021-05-03T21.39.41.032,77.836,0.002,0.702,-0.854
1620103181113,2021-05-03T21.39.41.113,77.917,0.087,0.657,-0.665
1620103181193,2021-05-03T21.39.41.193,77.997,0.025,0.701,-0.692
1620103181274,2021-05-03T21.39.41.274,78.078,0.011,0.728,-0.702
1620103181355,2021-05-03T21.39.41.355,78.159,0.113,0.799,-0.595
1620103181435,2021-05-03T21.39.41.435,78.239,0.252,0.875,-0.538
1620103181514,2021-05-03T21.39.41.514,78.318,0.306,0.938,-0.431
1620103181595,2021-05-03T21.39.41.595,78.399,0.324,0.738,0.015
1620103181675,2021-05-03T21.39.41.675,78.479,0.345,0.936,0.329
1620103181756,2021-05-03T21.39.41.756,78.560,0.309,0.928,0.375
1620103181836,2021-05-03T21.39.41.836,78.640,0.173,0.903,0.507
1620103181917,2021-05-03T21.39.41.917,78.721,0.142,0.929,0.707
1620103181998,2021-05-03T21.39.41.998,78.802,0.084,0.861,0.796
1620103182078,2021-05-03T21.39.42.078,78.882,0.043,0.696,0.618
1620103182159,2021-05-03T21.39.42.159,78.963,-0.194,0.470,-0.071
1620103182239,2021-05-03T21.39.42.239,79.043,-0.315,0.540,-1.071
1620103182320,2021-05-03T21.39.42.320,79.124,-0.111,1.049,-1.372
1620103182400,2021-05-03T21.39.42.400,79.204,-0.139,0.829,-0.747
1620103182481,2021-05-03T21.39.42.481,79.285,-0.109,0.277,-0.366
1620103182562,2021-05-03T21.39.42.562,79.366,-0.249,0.700,-0.507
1620103182642,2021-05-03T21.39.42.642,79.446,-0.202,1.007,-0.719
1620103182723,2021-05-03T21.39.42.723,79.527,-0.127,0.862,-0.714
1620103182803,2021-05-03T21.39.42.803,79.607,-0.140,0.755,-0.651
1620103182884,2021-05-03T21.39.42.884,79.688,-0.131,0.724,-0.614
1620103182964,2021-05-03T21.39.42.964,79.768,-0.115,0.672,-0.553
1620103183045,2021-05-03T21.39.43.045,79.849,-0.224,0.841,-0.640
1620103183124,2021-05-03T21.39.43.124,79.928,-0.288,0.972,-0.715
1620103183205,2021-05-03T21.39.43.205,80.009,-0.137,0.636,-0.500
1620103183285,2021-05-03T21.39.43.285,80.089,-0.093,0.684,-0.594
1620103183366,2021-05-03T21.39.43.366,80.170,-0.115,0.918,-0.732
1620103183446,2021-05-03T21.39.43.446,80.250,-0.019,0.926,-0.698
1620103183527,2021-05-03T21.39.43.527,80.331,-0.094,0.938,-0.769
1620103183607,2021-05-03T21.39.43.607,80.411,-0.356,0.662,-0.140
1620103183688,2021-05-03T21.39.43.688,80.492,-0.425,0.631,0.926
1620103183769,2021-05-03T21.39.43.769,80.573,-0.188,0.704,0.066
1620103183849,2021-05-03T21.39.43.849,80.653,-0.064,0.751,-0.714
1620103183930,2021-05-03T21.39.43.930,80.734,-0.147,0.893,-0.877
1620103184010,2021-05-03T21.39.44.010,80.814,-0.081,0.754,-0.773
1620103184091,2021-05-03T21.39.44.091,80.895,-0.167,0.879,-0.779
1620103184171,2021-05-03T21.39.44.171,80.975,-0.212,0.948,-0.725
1620103184252,2021-05-03T21.39.44.252,81.056,-0.107,0.562,-0.486
1620103184333,2021-05-03T21.39.44.333,81.137,-0.226,0.760,-0.589
1620103184413,2021-05-03T21.39.44.413,81.217,-0.232,0.820,-0.620
1620103184494,2021-05-03T21.39.44.494,81.298,-0.107,0.597,-0.482
1620103184574,2021-05-03T21.39.44.574,81.378,0.043,0.497,-0.354
1620103184655,2021-05-03T21.39.44.655,81.459,0.148,1.017,-0.703
1620103184735,2021-05-03T21.39.44.735,81.539,0.161,1.417,-1.146
1620103184816,2021-05-03T21.39.44.816,81.620,0.093,0.959,-0.869
1620103184895,2021-05-03T21.39.44.895,81.699,-0.014,0.211,-0.253
1620103184976,2021-05-03T21.39.44.976,81.780,-0.116,0.173,-0.328
1620103185056,2021-05-03T21.39.45.056,81.860,-0.068,0.593,-0.535
1620103185137,2021-05-03T21.39.45.137,81.941,0.054,1.063,-0.882
1620103185217,2021-05-03T21.39.45.217,82.021,0.048,1.397,-1.201
1620103185298,2021-05-03T21.39.45.298,82.102,-0.035,1.130,-0.995
1620103185378,2021-05-03T21.39.45.378,82.182,-0.159,0.502,-0.397
1620103185459,2021-05-03T21.39.45.459,82.263,-0.169,0.199,-0.171
1620103185540,2021-05-03T21.39.45.540,82.344,-0.184,0.489,-0.335
1620103185620,2021-05-03T21.39.45.620,82.424,-0.122,1.161,-0.789
1620103185701,2021-05-03T21.39.45.701,82.505,0.404,1.550,-1.183
1620103185781,2021-05-03T21.39.45.781,82.585,0.736,0.471,-1.384
1620103185862,2021-05-03T21.39.45.862,82.666,-0.668,-0.552,-1.234
1620103185942,2021-05-03T21.39.45.942,82.746,-1.255,0.314,-0.491
1620103186023,2021-05-03T21.39.46.023,82.827,-0.338,0.534,-0.783
1620103186104,2021-05-03T21.39.46.104,82.908,-0.452,0.918,-1.280
1620103186184,2021-05-03T21.39.46.184,82.988,-0.173,0.995,-1.160
1620103186265,2021-05-03T21.39.46.265,83.069,0.270,0.709,-0.633
1620103186345,2021-05-03T21.39.46.345,83.149,0.202,0.500,-0.275
1620103186426,2021-05-03T21.39.46.426,83.230,-0.020,0.527,-0.366
1620103186506,2021-05-03T21.39.46.506,83.310,0.000,0.711,-0.450
1620103186586,2021-05-03T21.39.46.586,83.390,0.137,1.057,-0.739
1620103186666,2021-05-03T21.39.46.666,83.470,0.067,1.396,-1.047
1620103186747,2021-05-03T21.39.46.747,83.551,-0.066,0.715,-0.587
1620103186827,2021-05-03T21.39.46.827,83.631,-0.135,0.286,-0.265
1620103186908,2021-05-03T21.39.46.908,83.712,-0.158,0.355,-0.356
1620103186988,2021-05-03T21.39.46.988,83.792,-0.168,0.983,-0.647
1620103187069,2021-05-03T21.39.47.069,83.873,-0.134,1.463,-1.045
1620103187149,2021-05-03T21.39.47.149,83.953,-0.029,1.084,-0.833
1620103187230,2021-05-03T21.39.47.230,84.034,0.198,0.372,-0.319
1620103187311,2021-05-03T21.39.47.311,84.115,-0.150,0.524,-0.504
1620103187391,2021-05-03T21.39.47.391,84.195,-1.276,0.512,-0.786
1620103187472,2021-05-03T21.39.47.472,84.276,-0.690,0.138,-1.240
1620103187552,2021-05-03T21.39.47.552,84.356,0.837,0.571,-1.133
1620103187633,2021-05-03T21.39.47.633,84.437,0.333,1.434,-0.745
1620103187713,2021-05-03T21.39.47.713,84.517,0.148,0.934,-0.666
1620103187794,2021-05-03T21.39.47.794,84.598,0.582,0.023,-0.978
1620103187875,2021-05-03T21.39.47.875,84.679,-0.879,0.217,-1.101
1620103187955,2021-05-03T21.39.47.955,84.759,-0.756,0.621,-0.620
1620103188036,2021-05-03T21.39.48.036,84.840,0.135,0.842,-0.675
1620103188116,2021-05-03T21.39.48.116,84.920,0.079,1.108,-0.957
1620103188197,2021-05-03T21.39.48.197,85.001,-0.099,0.907,-0.837
1620103188276,2021-05-03T21.39.48.276,85.080,-0.101,0.443,-0.390
1620103188357,2021-05-03T21.39.48.357,85.161,-0.029,0.396,-0.328
1620103188437,2021-05-03T21.39.48.437,85.241,-0.065,0.895,-0.535
1620103188518,2021-05-03T21.39.48.518,85.322,-0.131,1.367,-0.939
1620103188598,2021-05-03T21.39.48.598,85.402,0.018,1.076,-0.759
1620103188679,2021-05-03T21.39.48.679,85.483,0.014,0.510,-0.313
1620103188759,2021-05-03T21.39.48.759,85.563,-0.088,0.685,-0.379
1620103188840,2021-05-03T21.39.48.840,85.644,-0.019,0.865,-0.551
1620103188920,2021-05-03T21.39.48.920,85.724,-0.008,0.771,-0.457
1620103189001,2021-05-03T21.39.49.001,85.805,-0.050,1.024,-0.521
1620103189082,2021-05-03T21.39.49.082,85.886,-0.016,1.024,-0.570
1620103189162,2021-05-03T21.39.49.162,85.966,-0.021,0.681,-0.436
1620103189243,2021-05-03T21.39.49.243,86.047,-0.095,0.721,-0.553
1620103189323,2021-05-03T21.39.49.323,86.127,-0.096,0.693,-0.527
1620103189404,2021-05-03T21.39.49.404,86.208,-0.146,0.988,-0.686
1620103189484,2021-05-03T21.39.49.484,86.288,-0.169,1.141,-0.774
1620103189565,2021-05-03T21.39.49.565,86.369,-0.078,0.699,-0.457
1620103189646,2021-05-03T21.39.49.646,86.450,-0.101,0.645,-0.481
1620103189726,2021-05-03T21.39.49.726,86.530,-0.150,0.802,-0.559
1620103189805,2021-05-03T21.39.49.805,86.609,-0.155,0.930,-0.578
1620103189886,2021-05-03T21.39.49.886,86.690,-0.117,1.029,-0.581
1620103189966,2021-05-03T21.39.49.966,86.770,-0.055,0.723,-0.458
1620103190047,2021-05-03T21.39.50.047,86.851,-0.127,0.790,-0.537
1620103190128,2021-05-03T21.39.50.128,86.932,-0.168,0.859,-0.574
1620103190208,2021-05-03T21.39.50.208,87.012,-0.123,0.775,-0.523
1620103190289,2021-05-03T21.39.50.289,87.093,-0.092,0.742,-0.462
1620103190369,2021-05-03T21.39.50.369,87.173,-0.242,0.993,-0.621
1620103190450,2021-05-03T21.39.50.450,87.254,-0.213,1.037,-0.668
1620103190530,2021-05-03T21.39.50.530,87.334,-0.112,0.737,-0.476
1620103190611,2021-05-03T21.39.50.611,87.415,-0.164,0.749,-0.495
1620103190691,2021-05-03T21.39.50.691,87.495,-0.011,0.888,-0.516
1620103190772,2021-05-03T21.39.50.772,87.576,0.096,0.943,-0.463
1620103190853,2021-05-03T21.39.50.853,87.657,0.008,0.893,-0.419
1620103190933,2021-05-03T21.39.50.933,87.737,-0.034,0.824,-0.453
1620103191014,2021-05-03T21.39.51.014,87.818,-0.073,0.868,-0.486
1620103191094,2021-05-03T21.39.51.094,87.898,-0.173,0.985,-0.387
1620103191175,2021-05-03T21.39.51.175,87.979,-0.206,0.947,-0.276
1620103191255,2021-05-03T21.39.51.255,88.059,-0.185,0.954,-0.267
1620103191335,2021-05-03T21.39.51.335,88.139,-0.184,0.974,-0.275
1620103191415,2021-05-03T21.39.51.415,88.219,-0.163,0.950,-0.268
1620103191496,2021-05-03T21.39.51.496,88.300,-0.146,0.956,-0.287
1620103191576,2021-05-03T21.39.51.576,88.380,-0.164,0.980,-0.286
1620103191657,2021-05-03T21.39.51.657,88.461,-0.153,0.929,-0.285
1620103191737,2021-05-03T21.39.51.737,88.541,-0.139,0.931,-0.323
1620103191818,2021-05-03T21.39.51.818,88.622,-0.162,0.947,-0.332
1620103191899,2021-05-03T21.39.51.899,88.703,-0.157,0.941,-0.320
1620103191979,2021-05-03T21.39.51.979,88.783,-0.138,0.939,-0.317
1620103192060,2021-05-03T21.39.52.060,88.864,-0.143,0.942,-0.319
1620103192140,2021-05-03T21.39.52.140,88.944,-0.148,0.947,-0.313
1620103192221,2021-05-03T21.39.52.221,89.025,-0.145,0.947,-0.299
1620103192301,2021-05-03T21.39.52.301,89.105,-0.130,0.938,-0.306
1620103192382,2021-05-03T21.39.52.382,89.186,-0.142,0.951,-0.307
1620103192462,2021-05-03T21.39.52.462,89.266,-0.153,0.945,-0.297
1620103192543,2021-05-03T21.39.52.543,89.347,-0.147,0.947,-0.299
1620103192624,2021-05-03T21.39.52.624,89.428,-0.148,0.940,-0.303
1620103192704,2021-05-03T21.39.52.704,89.508,-0.155,0.953,-0.309
1620103192783,2021-05-03T21.39.52.783,89.587,-0.163,0.946,-0.303
1620103192864,2021-05-03T21.39.52.864,89.668,-0.161,0.947,-0.299
1620103192944,2021-05-03T21.39.52.944,89.748,-0.167,0.949,-0.308
1620103193025,2021-05-03T21.39.53.025,89.829,-0.161,0.942,-0.310
1620103193106,2021-05-03T21.39.53.106,89.910,-0.167,0.954,-0.297
1620103193186,2021-05-03T21.39.53.186,89.990,-0.161,0.947,-0.285
1620103193267,2021-05-03T21.39.53.267,90.071,-0.140,0.949,-0.283
1620103193347,2021-05-03T21.39.53.347,90.151,-0.141,0.957,-0.281
1620103193428,2021-05-03T21.39.53.428,90.232,-0.147,0.955,-0.280
1620103193508,2021-05-03T21.39.53.508,90.312,-0.145,0.955,-0.281
1620103193589,2021-05-03T21.39.53.589,90.393,-0.137,0.944,-0.278
1620103193670,2021-05-03T21.39.53.670,90.474,-0.130,0.951,-0.288
1620103193750,2021-05-03T21.39.53.750,90.554,-0.144,0.965,-0.291
1620103193831,2021-05-03T21.39.53.831,90.635,-0.140,0.949,-0.279
1620103193911,2021-05-03T21.39.53.911,90.715,-0.139,0.961,-0.271
1620103193992,2021-05-03T21.39.53.992,90.796,-0.147,0.963,-0.261
1620103194072,2021-05-03T21.39.54.072,90.876,-0.121,0.963,-0.257
1620103194153,2021-05-03T21.39.54.153,90.957,-0.053,0.958,-0.262
1620103194232,2021-05-03T21.39.54.232,91.036,-0.120,0.946,-0.309
1620103194313,2021-05-03T21.39.54.313,91.117,-0.233,0.918,-0.354
1620103194393,2021-05-03T21.39.54.393,91.197,-0.261,0.898,-0.383
1620103194474,2021-05-03T21.39.54.474,91.278,-0.244,0.887,-0.416
1620103194554,2021-05-03T21.39.54.554,91.358,-0.212,0.883,-0.443
1620103194635,2021-05-03T21.39.54.635,91.439,-0.200,0.866,-0.468
1620103194715,2021-05-03T21.39.54.715,91.519,-0.212,0.864,-0.497
1620103194796,2021-05-03T21.39.54.796,91.600,-0.223,0.868,-0.511
1620103194877,2021-05-03T21.39.54.877,91.681,-0.232,0.850,-0.503
1620103194957,2021-05-03T21.39.54.957,91.761,-0.267,0.832,-0.501
1620103195038,2021-05-03T21.39.55.038,91.842,-0.293,0.812,-0.485
1620103195118,2021-05-03T21.39.55.118,91.922,-0.329,0.842,-0.437
1620103195199,2021-05-03T21.39.55.199,92.003,-0.330,0.833,-0.404
1620103195279,2021-05-03T21.39.55.279,92.083,-0.283,0.931,-0.511
1620103195360,2021-05-03T21.39.55.360,92.164,-0.151,0.910,-0.538
1620103195440,2021-05-03T21.39.55.440,92.244,-0.003,0.898,-0.427
1620103195521,2021-05-03T21.39.55.521,92.325,0.005,0.949,-0.440
1620103195602,2021-05-03T21.39.55.602,92.406,-0.029,0.884,-0.436